ADM_RATE,SAT_AVG,UGDS,COSTT4_A,C150_4,UGDS_WOMEN,STUFACR,MD_EARN_WNE_1YR,STATE
0.716,954.0,5098.0,21924.0,0.2807,0.594,18.0,30999.0,Alabama
0.8854,1266.0,13284.0,26248.0,0.6245,0.621,19.0,45270.0,Alabama
0.7367,1300.0,7358.0,24869.0,0.6072,0.4047,19.0,57386.0,Alabama
0.9799,955.0,3495.0,21938.0,0.2843,0.6495,13.0,27282.0,Alabama
0.789,1244.0,30725.0,31050.0,0.7223,0.5615,19.0,44620.0,Alabama
0.968,1069.0,3742.0,20621.0,0.3569,0.6686,15.0,40933.0,Alabama
0.646,1042.0,1696.0,36457.0,0.1851,0.5713,13.0,38931.0,Alabama
0.7634,1030.0,6992.0,22023.0,0.4966,0.6077,19.0,40595.0,Alabama
0.7433,1017.0,2310.0,22525.0,0.3914,0.6957,14.0,50786.0,Alabama
0.9009,1131.0,2184.0,26709.0,0.517,0.6392,12.0,28055.0,Alabama
0.8387,1236.0,3604.0,51314.0,0.7891,0.667,12.0,45287.0,Alabama
0.7078,1132.0,8631.0,22139.0,0.4741,0.6129,17.0,41542.0,Alabama
0.9527,1082.0,10916.0,21376.0,0.5183,0.6501,16.0,39144.0,Alabama
0.342,1080.0,2184.0,41991.0,0.5697,0.6264,9.0,43055.0,Alabama
0.6469,1169.0,4108.0,19621.0,0.3845,0.5908,12.0,46661.0,Alaska
0.8727,1230.0,36560.0,27985.0,0.6434,0.5602,17.0,41742.0,Arizona
0.7376,1240.0,3015.0,56260.0,0.699,0.2667,17.0,62466.0,Arizona
0.5769,1119.0,5025.0,20260.0,0.3988,0.6416,11.0,40746.0,Arkansas
0.8267,1188.0,24001.0,23843.0,0.6968,0.5608,19.0,45161.0,Arkansas
0.6753,902.0,2444.0,18873.0,0.4075,0.5912,14.0,30111.0,Arkansas
0.6329,1149.0,7478.0,21752.0,0.5384,0.6272,14.0,41818.0,Arkansas
0.9237,1133.0,7763.0,21408.0,0.494,0.6157,15.0,35529.0,Arkansas
0.5414,1183.0,3262.0,33168.0,0.6717,0.5582,16.0,37508.0,Arkansas
0.7501,1084.0,2205.0,25533.0,0.372,0.5274,14.0,34869.0,Arkansas
0.683,1286.0,1103.0,55218.0,0.7289,0.5113,11.0,25952.0,Arkansas
0.5287,1231.0,1381.0,41492.0,0.7039,0.5981,15.0,41829.0,Arkansas
0.641,1100.0,593.0,31252.0,0.3175,0.5143,17.0,30757.0,Arkansas
0.626,1094.0,2795.0,23732.0,0.4008,0.5556,15.0,35662.0,Arkansas
0.941,1117.0,3937.0,54720.0,0.7151,0.6828,10.0,46313.0,California
0.6077,1228.0,3592.0,57403.0,0.6994,0.62,13.0,35945.0,California
0.8194,1200.0,2588.0,55039.0,0.7378,0.5328,14.0,38794.0,California
0.6037,1318.0,7469.0,71065.0,0.799,0.6037,12.0,38766.0,California
0.8138,1174.0,1580.0,53068.0,0.6796,0.6025,15.0,56035.0,California
0.1124,1487.0,1414.0,66496.0,0.9271,0.5078,8.0,67634.0,California
0.9293,1160.0,1243.0,66179.0,0.7738,0.6879,10.0,59547.0,California
0.7786,1100.0,2668.0,38688.0,0.6768,0.7279,11.0,38125.0,California
0.7194,1028.0,3686.0,60612.0,0.6936,0.6034,13.0,37452.0,California
0.6607,1023.0,1270.0,46046.0,0.449,0.5866,16.0,31282.0,California
0.4582,1354.0,6999.0,59539.0,0.7877,0.5358,11.0,42486.0,California
0.7981,1395.0,438.0,47187.0,0.6403,0.9954,8.0,38929.0,California
0.7982,1237.0,1191.0,66930.0,0.6859,0.6969,9.0,30437.0,California
0.3997,1090.0,619.0,44331.0,0.4196,0.5557,13.0,34891.0,California
0.793,1265.0,3269.0,57004.0,0.6949,0.5255,13.0,48377.0,California
0.5271,1342.0,3706.0,77912.0,0.8295,0.5766,13.0,49372.0,California
0.8366,1256.0,3170.0,52834.0,0.7274,0.6571,15.0,48137.0,California
0.8297,1231.0,2596.0,62643.0,0.6941,0.5917,11.0,46523.0,California
0.7092,1305.0,5937.0,72280.0,0.7561,0.6453,13.0,56615.0,California
0.5398,1418.0,5887.0,72321.0,0.9087,0.4732,11.0,68156.0,California
0.2954,1456.0,1091.0,77774.0,0.8231,1.0,10.0,37342.0,California
0.6901,1098.0,1972.0,47967.0,0.6146,0.6846,17.0,46087.0,California
0.6486,1295.0,252.0,64108.0,0.7419,0.3968,15.0,49710.0,California
0.1251,1484.0,20619.0,67045.0,0.9201,0.5163,9.0,57711.0,California
0.8249,1232.0,1321.0,54415.0,0.636,0.5625,11.0,25657.0,California
0.9983,1040.0,1484.0,23292.0,0.287,0.436,11.0,35574.0,Colorado
0.7205,1156.0,11042.0,22842.0,0.4804,0.5652,17.0,49487.0,Colorado
0.7958,1292.0,30414.0,31442.0,0.7404,0.4516,18.0,45796.0,Colorado
0.5688,1399.0,5440.0,36050.0,0.8325,0.3158,16.0,72973.0,Colorado
0.8964,1205.0,24344.0,27955.0,0.6912,0.5418,17.0,40534.0,Colorado
0.6363,1324.0,5771.0,71341.0,0.7569,0.5507,10.0,46454.0,Colorado
0.9275,1057.0,3260.0,23428.0,0.4406,0.539,14.0,28071.0,Colorado
0.8024,1088.0,7904.0,22323.0,0.3809,0.5412,18.0,39716.0,Colorado
0.8882,1037.0,15625.0,21062.0,0.2976,0.5526,19.0,41565.0,Colorado
0.9113,1104.0,6683.0,24783.0,0.519,0.6762,14.0,38904.0,Colorado
0.8137,1174.0,2616.0,51079.0,0.6202,0.6338,10.0,64196.0,Colorado
0.9917,1046.0,3092.0,22493.0,0.3856,0.5278,15.0,38959.0,Colorado
0.9087,1143.0,1722.0,24456.0,0.4763,0.4094,18.0,30788.0,Colorado
0.7314,1040.0,1733.0,52363.0,0.4412,0.7126,11.0,40415.0,Connecticut
0.7483,1067.0,7616.0,20520.0,0.5473,0.4649,14.0,45818.0,Connecticut
0.556,1337.0,18362.0,34149.0,0.8308,0.5241,15.0,50446.0,Connecticut
0.5581,1315.0,4548.0,69035.0,0.8394,0.5814,12.0,57979.0,Connecticut
0.7879,1185.0,3915.0,59070.0,0.5855,0.5487,8.0,43667.0,Connecticut
0.9413,1200.0,4970.0,58684.0,0.661,0.5646,16.0,38475.0,Connecticut
0.7825,1109.0,895.0,52626.0,0.564,0.7687,8.0,60840.0,Connecticut
0.3775,1409.0,2143.0,76698.0,0.8515,0.4951,9.0,47872.0,Connecticut
0.1944,1426.0,3250.0,78735.0,0.9102,0.5615,8.0,39556.0,Connecticut
0.0531,1526.0,6535.0,79320.0,0.9692,0.5143,6.0,60511.0,Connecticut
0.7235,1260.0,18707.0,26131.0,0.8228,0.5833,15.0,48980.0,Delaware
0.6409,1381.0,8158.0,56065.0,0.787,0.6326,12.0,47279.0,District of Columbia
0.6169,941.0,998.0,39166.0,0.5787,0.5431,6.0,31462.0,District of Columbia
0.4971,1419.0,10929.0,62835.0,0.8366,0.6316,12.0,60822.0,District of Columbia
0.1198,1488.0,7395.0,59760.0,0.952,0.5724,11.0,69193.0,District of Columbia
0.3525,1181.0,8902.0,49250.0,0.6358,0.7217,13.0,38139.0,District of Columbia
1.0,1015.0,252.0,19623.0,0.5641,0.4881,9.0,26990.0,Florida
0.9984,910.0,2513.0,23794.0,0.3248,0.6236,15.0,26929.0,Florida
0.8301,1121.0,2632.0,57262.0,0.502,0.4996,18.0,35126.0,Florida
0.3637,1271.0,59710.0,21605.0,0.7494,0.5503,30.0,39293.0,Florida
0.723,1240.0,6899.0,56196.0,0.622,0.2471,18.0,62466.0,Florida
0.3529,1068.0,7005.0,23895.0,0.5537,0.6605,14.0,31695.0,Florida
0.7801,1119.0,23695.0,19375.0,0.5545,0.5802,21.0,38973.0,Florida
0.7404,1102.0,2631.0,36055.0,0.579,0.6697,15.0,33869.0,Florida
0.6588,1254.0,3219.0,58177.0,0.663,0.297,14.0,62925.0,Florida
0.6401,1155.0,39936.0,19479.0,0.6708,0.5664,24.0,38857.0,Florida
0.6088,1268.0,2741.0,54324.0,0.6773,0.6392,14.0,40090.0,Florida
0.3707,1280.0,33368.0,22906.0,0.8322,0.5713,22.0,38690.0,Florida
0.3013,1396.0,34044.0,21295.0,0.9089,0.5635,17.0,45803.0,Florida
0.7762,1135.0,2627.0,56108.0,0.4784,0.6106,13.0,59879.0,Florida
0.2849,1402.0,11928.0,69206.0,0.8351,0.5347,13.0,50273.0,Florida
0.7749,1113.0,13862.0,16874.0,0.6712,0.5708,19.0,40115.0,Florida
0.925,1187.0,6578.0,50279.0,0.6051,0.7212,17.0,60914.0,Florida
0.8986,1139.0,2274.0,51321.0,0.6081,0.6464,12.0,34903.0,Florida
0.7066,1063.0,6456.0,38889.0,0.4625,0.6103,16.0,42341.0,Florida
0.4938,1245.0,36681.0,21248.0,0.7463,0.5684,22.0,39907.0,Florida
0.7086,971.0,1797.0,50484.0,0.4124,0.4808,10.0,36395.0,Florida
0.9164,1207.0,2826.0,62841.0,0.6327,0.5676,12.0,32628.0,Florida
0.4492,1112.0,5296.0,40990.0,0.5143,0.5904,26.0,33075.0,Florida
0.5355,1184.0,9838.0,48220.0,0.6212,0.6081,18.0,36874.0,Florida
0.4301,990.0,341.0,23379.0,0.1786,0.437,15.0,27788.0,Florida
0.5313,975.0,762.0,35708.0,0.402,0.4777,13.0,35831.0,Florida
0.5281,1164.0,8881.0,18622.0,0.5201,0.5758,21.0,46608.0,Florida
0.4656,1004.0,794.0,33344.0,0.2895,0.5214,12.0,31356.0,Georgia
0.5824,970.0,3376.0,38413.0,0.4155,0.7636,18.0,24084.0,Georgia
0.699,1267.0,2170.0,53663.0,0.7243,0.6364,12.0,36068.0,Georgia
0.8911,1107.0,1310.0,43858.0,0.4712,0.9282,9.0,42243.0,Georgia
0.7852,1043.0,5986.0,20415.0,0.4272,0.6041,16.0,39465.0,Georgia
0.8854,1222.0,840.0,50701.0,0.7287,0.5321,11.0,30457.0,Georgia
0.1305,1480.0,7050.0,72884.0,0.9004,0.5786,9.0,57366.0,Georgia
0.7226,921.0,2635.0,20160.0,0.4488,0.6281,21.0,27670.0,Georgia
0.1596,1423.0,16566.0,29364.0,0.9192,0.4011,14.0,80777.0,Georgia
0.8558,1082.0,2018.0,19456.0,0.3396,0.6566,16.0,42993.0,Georgia
0.8768,1176.0,5489.0,28032.0,0.6209,0.6422,16.0,42675.0,Georgia
0.9051,1091.0,22404.0,23023.0,0.5362,0.5751,22.0,40570.0,Georgia
0.9999,1165.0,28415.0,27211.0,0.5629,0.6038,27.0,35791.0,Georgia
0.3998,1386.0,30032.0,27510.0,0.8784,0.5795,17.0,45220.0,Georgia
0.9591,997.0,908.0,38970.0,0.4022,0.5154,14.0,35615.0,Georgia
0.7541,1338.0,4699.0,53755.0,0.7358,0.6438,13.0,46646.0,Georgia
0.67,1129.0,1213.0,42329.0,0.4796,0.6678,9.0,46237.0,Georgia
0.812,1072.0,1183.0,34357.0,0.3716,0.5554,15.0,37684.0,Georgia
0.2884,1012.0,688.0,26057.0,0.4787,0.5683,12.0,42128.0,Georgia
0.6882,1110.0,838.0,34382.0,0.3527,0.5239,17.0,34901.0,Georgia
0.7637,1044.0,8421.0,20495.0,0.4099,0.6715,19.0,36469.0,Georgia
0.6216,1134.0,574.0,36613.0,0.563,1.0,9.0,38089.0,Georgia
0.697,1058.0,8572.0,23563.0,0.4234,0.6482,19.0,37303.0,Georgia
0.9217,1040.0,2630.0,20727.0,0.427,0.6498,13.0,31376.0,Hawaii
0.6998,1175.0,13839.0,23192.0,0.5891,0.6021,14.0,39900.0,Hawaii
0.8532,1183.0,2726.0,50487.0,0.4249,0.668,18.0,35085.0,Hawaii
0.8138,1119.0,6861.0,21553.0,0.5925,0.5088,16.0,36808.0,Idaho
0.5629,1181.0,1118.0,45560.0,0.5606,0.5081,12.0,29582.0,Idaho
0.8815,1112.0,1172.0,44443.0,0.6255,0.5776,14.0,38997.0,Idaho
0.8642,1062.0,4076.0,35882.0,0.5536,0.6634,20.0,45433.0,Illinois
0.7586,1205.0,4319.0,49471.0,0.7576,0.5047,12.0,52037.0,Illinois
0.0648,1535.0,7558.0,81531.0,0.959,0.4767,5.0,69111.0,Illinois
0.7174,1036.0,4616.0,24506.0,0.5074,0.6131,14.0,36775.0,Illinois
0.7129,1145.0,2791.0,50133.0,0.6841,0.6188,13.0,41680.0,Illinois
0.5205,951.0,2698.0,20806.0,0.1576,0.6353,10.0,39258.0,Illinois
0.7954,1008.0,828.0,42166.0,0.4846,0.4529,11.0,33482.0,Illinois
0.788,1212.0,22011.0,24382.0,0.6226,0.5318,19.0,43373.0,Illinois
0.8002,1168.0,2174.0,45304.0,0.4665,0.4986,13.0,47808.0,Illinois
0.5966,1422.0,33889.0,31102.0,0.8488,0.4615,21.0,50616.0,Illinois
0.6611,1328.0,2889.0,65257.0,0.7143,0.3219,12.0,63728.0,Illinois
0.9154,1125.0,17632.0,31753.0,0.6727,0.5703,19.0,43353.0,Illinois
0.624,1054.0,923.0,40750.0,0.669,0.5374,11.0,37529.0,Illinois
0.6443,1271.0,1657.0,63691.0,0.7303,0.5836,12.0,35896.0,Illinois
0.7126,1147.0,3799.0,43142.0,0.6046,0.5088,13.0,44947.0,Illinois
0.7698,1311.0,11739.0,53851.0,0.7197,0.6821,14.0,47083.0,Illinois
1.0,980.0,514.0,38345.0,0.5556,0.8872,8.0,60435.0,Illinois
0.7481,1106.0,1719.0,52565.0,0.5478,0.5631,9.0,36721.0,Illinois
0.684,1156.0,2384.0,54526.0,0.6444,0.5155,13.0,37908.0,Illinois
0.6714,1055.0,1834.0,39934.0,0.6117,0.5943,10.0,43926.0,Illinois
0.0697,1529.0,8691.0,81058.0,0.9523,0.5338,6.0,66776.0,Illinois
0.6055,1105.0,2599.0,48838.0,0.6384,0.5725,15.0,49979.0,Illinois
0.598,1162.0,966.0,43004.0,0.4173,0.4938,14.0,38217.0,Illinois
0.6678,1014.0,956.0,43892.0,0.3171,0.5617,10.0,44133.0,Illinois
0.9229,1030.0,2585.0,45697.0,0.3951,0.6058,11.0,39256.0,Illinois
0.8094,1060.0,2034.0,43227.0,0.5217,0.6888,10.0,38800.0,Illinois
0.6823,1060.0,1519.0,43586.0,0.6464,0.6899,13.0,57402.0,Illinois
0.7949,1140.0,2441.0,23892.0,0.5341,0.5289,12.0,42815.0,Illinois
0.9515,1086.0,7973.0,29247.0,0.4531,0.4825,10.0,40092.0,Illinois
0.9807,1072.0,9903.0,24338.0,0.5179,0.5733,15.0,44800.0,Illinois
0.7624,1122.0,832.0,38493.0,0.6684,0.6478,9.0,42693.0,Illinois
0.9142,1038.0,476.0,47164.0,0.4459,0.4013,12.0,37624.0,Illinois
0.8625,1351.0,2301.0,51664.0,0.876,0.5506,11.0,35783.0,Illinois
0.6245,1070.0,1137.0,46132.0,0.6295,0.5409,9.0,37439.0,Indiana
0.6817,1124.0,13896.0,24343.0,0.6795,0.6136,14.0,39543.0,Indiana
0.8055,1278.0,4388.0,62950.0,0.8377,0.5957,11.0,46528.0,Indiana
0.6908,1259.0,653.0,61735.0,0.7262,0.5436,7.0,20733.0,Indiana
0.7495,1179.0,1554.0,52225.0,0.6932,0.6107,10.0,41818.0,Indiana
0.9465,1092.0,880.0,47871.0,0.6125,0.4614,11.0,37759.0,Indiana
0.9285,1163.0,725.0,44979.0,0.6477,0.6083,9.0,42500.0,Indiana
0.8316,1123.0,1426.0,38720.0,0.707,0.6101,20.0,36036.0,Indiana
0.7877,1108.0,1002.0,38236.0,0.686,0.5958,12.0,36031.0,Indiana
0.832,1114.0,5708.0,18756.0,0.3829,0.4923,13.0,41504.0,Indiana
0.8361,1152.0,18707.0,21348.0,0.5661,0.5939,13.0,45394.0,Indiana
0.9641,1139.0,6031.0,19946.0,0.5024,0.65,16.0,40702.0,Indiana
0.9035,1096.0,2612.0,11659.0,0.4273,0.6482,15.0,38480.0,Indiana
0.8894,1085.0,3791.0,15126.0,0.3787,0.6494,12.0,40673.0,Indiana
0.8504,1298.0,33995.0,26051.0,0.8085,0.4987,17.0,45746.0,Indiana
0.8548,1056.0,2941.0,13200.0,0.3765,0.7344,14.0,41302.0,Indiana
0.9005,1115.0,3427.0,13317.0,0.3873,0.5982,12.0,40852.0,Indiana
0.8051,1106.0,2639.0,14685.0,0.4265,0.6601,13.0,41707.0,Indiana
0.9191,1109.0,2268.0,40361.0,0.7116,0.6362,12.0,52655.0,Indiana
0.1507,1490.0,8950.0,76883.0,0.959,0.4842,9.0,65627.0,Indiana
0.7262,1061.0,584.0,38495.0,0.6329,0.4983,12.0,41762.0,Indiana
0.774,1385.0,2075.0,71664.0,0.8674,0.2453,11.0,75770.0,Indiana
0.994,1066.0,1724.0,41644.0,0.5583,0.703,11.0,46632.0,Indiana
0.7032,1048.0,784.0,43387.0,0.6232,0.8253,10.0,38609.0,Indiana
0.8307,1195.0,1375.0,61344.0,0.7446,1.0,9.0,39366.0,Indiana
0.7852,1159.0,2254.0,48017.0,0.6362,0.3682,16.0,48342.0,Indiana
0.6598,1094.0,1451.0,49252.0,0.6278,0.6292,11.0,38359.0,Iowa
0.8878,1065.0,702.0,50561.0,0.5449,0.4487,8.0,45076.0,Iowa
0.7323,1199.0,1411.0,47712.0,0.741,0.4713,14.0,43424.0,Iowa
0.6907,1311.0,2857.0,59043.0,0.7815,0.6031,11.0,47891.0,Iowa
0.5614,1162.0,297.0,28831.0,0.56,0.5118,15.0,23985.0,Iowa
0.6662,1038.0,922.0,45160.0,0.474,0.5184,13.0,41525.0,Iowa
0.9955,1032.0,1532.0,41358.0,0.5075,0.5202,12.0,42058.0,Iowa
0.9112,1205.0,25537.0,21746.0,0.7605,0.4384,18.0,47452.0,Iowa
0.819,949.0,717.0,47506.0,0.225,0.4156,12.0,35489.0,Iowa
0.8621,1236.0,21198.0,25376.0,0.7372,0.5578,15.0,44564.0,Iowa
0.8579,1147.0,7812.0,20990.0,0.6891,0.6106,16.0,40587.0,Iowa
0.8302,1163.0,1030.0,46659.0,0.7077,0.5068,12.0,42463.0,Iowa
0.7241,1147.0,2220.0,47560.0,0.6443,0.5468,12.0,47531.0,Iowa
0.9083,1166.0,1167.0,55610.0,0.6894,0.5304,11.0,41664.0,Iowa
0.6492,1045.0,2323.0,46992.0,0.3855,0.5932,12.0,44821.0,Iowa
0.5768,978.0,1263.0,38839.0,0.3214,0.4711,17.0,38868.0,Iowa
0.9906,1064.0,1206.0,45984.0,0.6209,0.5614,12.0,51839.0,Kansas
0.985,1243.0,2073.0,47613.0,0.628,0.5075,13.0,39032.0,Kansas
0.5767,1065.0,978.0,41415.0,0.4024,0.5092,12.0,42884.0,Kansas
0.925,1219.0,18427.0,25021.0,0.6603,0.532,17.0,44363.0,Kansas
0.7165,1085.0,865.0,41922.0,0.6335,0.6335,13.0,42788.0,Kansas
0.6465,1035.0,1008.0,49211.0,0.4474,0.5367,10.0,56718.0,Kansas
0.6657,966.0,786.0,48695.0,0.3355,0.3969,11.0,46144.0,Kansas
0.9364,1070.0,4292.0,19036.0,0.5234,0.4995,15.0,40848.0,Kansas
0.6913,1015.0,1145.0,48886.0,0.4045,0.3485,10.0,47340.0,Kansas
0.474,1095.0,599.0,40641.0,0.4317,0.3773,10.0,34058.0,Kansas
0.9106,1132.0,10466.0,20571.0,0.4767,0.5529,19.0,43532.0,Kansas
0.855,1191.0,2356.0,57342.0,0.6521,0.6312,12.0,45831.0,Kentucky
0.5313,1094.0,702.0,37749.0,0.4932,0.6481,12.0,34300.0,Kentucky
0.8503,1070.0,4379.0,24319.0,0.4804,0.6586,20.0,40955.0,Kentucky
0.9835,1084.0,10987.0,23395.0,0.4777,0.5916,15.0,36768.0,Kentucky
0.9401,1232.0,21358.0,30672.0,0.6815,0.5693,16.0,41289.0,Kentucky
0.5768,984.0,514.0,35794.0,0.3645,0.3307,12.0,37123.0,Kentucky
0.7469,1182.0,13815.0,28984.0,0.6248,0.5452,13.0,44418.0,Kentucky
0.7774,1098.0,1168.0,40816.0,0.5833,0.6712,15.0,37481.0,Kentucky
0.8516,1156.0,6744.0,21358.0,0.5587,0.6179,16.0,36067.0,Kentucky
0.8029,1146.0,8982.0,17112.0,0.478,0.5969,17.0,39816.0,Kentucky
0.8978,1045.0,683.0,40042.0,0.4246,0.7042,10.0,46860.0,Kentucky
0.5643,1017.0,776.0,39252.0,0.3709,0.4665,13.0,39589.0,Kentucky
0.6313,1197.0,514.0,56169.0,0.5669,0.5778,8.0,26755.0,Louisiana
0.7246,942.0,4405.0,24135.0,0.2885,0.6386,24.0,26496.0,Louisiana
0.7086,1247.0,26455.0,33592.0,0.6899,0.5426,22.0,41032.0,Louisiana
0.9073,1134.0,2196.0,19291.0,0.3775,0.6148,24.0,33645.0,Louisiana
0.7609,1065.0,869.0,28362.0,0.2749,0.4465,11.0,41580.0,Louisiana
0.6583,1203.0,7785.0,23174.0,0.5887,0.4416,20.0,43161.0,Louisiana
0.6876,1116.0,5202.0,21296.0,0.4216,0.6142,19.0,40877.0,Louisiana
0.8058,1089.0,5629.0,21169.0,0.389,0.5129,19.0,37381.0,Louisiana
0.9719,1135.0,5181.0,21100.0,0.5025,0.6352,16.0,38389.0,Louisiana
0.6989,1108.0,5376.0,21829.0,0.5353,0.6629,18.0,39663.0,Louisiana
0.9628,1015.0,7513.0,23156.0,0.4412,0.7298,19.0,41813.0,Louisiana
0.75,1000.0,530.0,23846.0,0.2976,0.8377,10.0,53152.0,Louisiana
0.5453,1065.0,906.0,25808.0,0.3867,0.8377,10.0,52557.0,Louisiana
0.5888,943.0,5178.0,24045.0,0.3195,0.6692,20.0,36657.0,Louisiana
0.7835,1105.0,12612.0,22737.0,0.5013,0.5783,19.0,40697.0,Louisiana
0.0963,1431.0,8700.0,78326.0,0.8597,0.612,8.0,41567.0,Louisiana
0.9541,1119.0,2727.0,36770.0,0.5,0.7671,13.0,23293.0,Louisiana
0.9646,1180.0,9246.0,25127.0,0.5679,0.4844,16.0,40871.0,Maine
0.8058,1125.0,1066.0,54309.0,0.6844,0.637,8.0,52030.0,Maine
0.8699,1112.0,4668.0,17748.0,0.3449,0.6022,13.0,43334.0,Maine
0.8943,1040.0,1579.0,25160.0,0.3796,0.6054,11.0,44181.0,Maryland
0.8704,932.0,5279.0,22835.0,0.4186,0.6115,18.0,38877.0,Maryland
0.4792,920.0,1785.0,14332.0,0.2645,0.781,10.0,46307.0,Maryland
0.8605,1089.0,3289.0,25170.0,0.4758,0.5512,13.0,39095.0,Maryland
0.8234,1251.0,1054.0,52476.0,0.5851,0.6528,8.0,33093.0,Maryland
0.812,1312.0,10747.0,15880.0,0.7095,0.4554,17.0,44729.0,Maryland
0.5203,1426.0,30368.0,26915.0,0.8765,0.492,18.0,52665.0,Maryland
0.871,971.0,7027.0,23375.0,0.4392,0.6166,16.0,39745.0,Maryland
0.7733,1256.0,1507.0,30817.0,0.7277,0.5793,10.0,31833.0,Maryland
0.5315,1376.0,473.0,50439.0,0.7549,0.4715,8.0,28876.0,Maryland
0.8792,1134.0,17817.0,19718.0,0.7228,0.5954,16.0,45600.0,Maryland
0.5787,1025.0,1269.0,50598.0,0.4243,0.5855,17.0,58321.0,Massachusetts
0.2535,1412.0,2532.0,74300.0,0.9371,0.4297,16.0,68271.0,Massachusetts
0.7541,1112.0,1484.0,46404.0,0.5056,1.0,12.0,43023.0,Massachusetts
0.6094,1335.0,3942.0,71942.0,0.8798,0.3919,12.0,67078.0,Massachusetts
0.1904,1485.0,9797.0,78200.0,0.9078,0.5287,14.0,60375.0,Massachusetts
0.1865,1447.0,17501.0,76389.0,0.8935,0.5802,11.0,51077.0,Massachusetts
0.3914,1455.0,3577.0,74091.0,0.8753,0.5938,10.0,45085.0,Massachusetts
0.8638,1108.0,8142.0,19576.0,0.6244,0.5929,19.0,39386.0,Massachusetts
0.4803,1316.0,2290.0,59182.0,0.7895,0.579,9.0,37538.0,Massachusetts
0.8032,1124.0,2025.0,57496.0,0.545,0.5975,12.0,55185.0,Massachusetts
0.6408,1135.0,491.0,38283.0,0.5688,0.4827,10.0,37958.0,Massachusetts
0.4528,1325.0,4113.0,74288.0,0.7877,0.6441,13.0,30308.0,Massachusetts
0.7388,1227.0,1792.0,56676.0,0.7027,0.7746,13.0,39555.0,Massachusetts
0.7235,952.0,1086.0,49424.0,0.3561,0.6575,12.0,41154.0,Massachusetts
0.8527,1082.0,3168.0,22908.0,0.5711,0.5414,13.0,44812.0,Massachusetts
0.838,1092.0,3035.0,23678.0,0.5053,0.5638,11.0,41396.0,Massachusetts
0.7743,1267.0,1336.0,52113.0,0.7208,0.6048,11.0,37453.0,Massachusetts
0.0401,1534.0,7938.0,74171.0,0.9674,0.5081,7.0,86549.0,Massachusetts
0.8506,1217.0,1294.0,54503.0,0.6667,0.6391,12.0,37126.0,Massachusetts
0.8457,1261.0,12546.0,22152.0,0.6903,0.4114,18.0,53918.0,Massachusetts
0.6553,1362.0,23947.0,26579.0,0.8371,0.5116,18.0,48713.0,Massachusetts
0.789,1182.0,11949.0,28706.0,0.4902,0.5826,15.0,47008.0,Massachusetts
0.9771,1245.0,3664.0,54367.0,0.6727,0.7563,12.0,68814.0,Massachusetts
0.523,1430.0,2214.0,59800.0,0.8496,1.0,10.0,30716.0,Massachusetts
0.8477,1076.0,1204.0,52126.0,0.5759,0.3347,16.0,46193.0,Massachusetts
0.1838,1500.0,15645.0,75732.0,0.9057,0.5413,15.0,67204.0,Massachusetts
0.6792,1123.0,1015.0,49563.0,0.6813,0.7675,11.0,48241.0,Massachusetts
0.8353,1268.0,1746.0,49666.0,0.707,1.0,9.0,49907.0,Massachusetts
0.2991,1456.0,2566.0,72636.0,0.9097,0.9992,9.0,31795.0,Massachusetts
0.769,1222.0,2056.0,54939.0,0.7308,0.5063,11.0,35851.0,Massachusetts
0.9222,1144.0,5618.0,29588.0,0.5413,0.5158,15.0,47399.0,Massachusetts
0.8803,1188.0,4187.0,57831.0,0.6032,0.5882,13.0,45060.0,Massachusetts
0.1143,1506.0,6628.0,78983.0,0.9381,0.5527,10.0,55909.0,Massachusetts
0.8954,1241.0,3866.0,50966.0,0.7175,0.2175,16.0,71634.0,Massachusetts
0.8988,1209.0,2579.0,53760.0,0.6314,0.4226,13.0,51375.0,Massachusetts
0.9435,1084.0,3974.0,24422.0,0.6057,0.5561,21.0,38029.0,Massachusetts
0.8932,1113.0,4271.0,18674.0,0.609,0.617,14.0,40647.0,Massachusetts
0.7599,1064.0,1741.0,55669.0,0.5269,0.4658,15.0,35744.0,Michigan
0.8151,1180.0,1315.0,42156.0,0.7159,0.5125,10.0,45809.0,Michigan
0.8904,1092.0,1155.0,46100.0,0.6033,0.574,10.0,32472.0,Michigan
0.7506,1246.0,2963.0,51965.0,0.7729,0.5258,12.0,39819.0,Michigan
0.7708,1120.0,11323.0,26085.0,0.6167,0.6072,17.0,40693.0,Michigan
0.7587,1059.0,612.0,35234.0,0.5098,0.3905,18.0,46754.0,Michigan
0.6281,1085.0,860.0,46522.0,0.5132,0.4849,10.0,46134.0,Michigan
0.9324,1172.0,2385.0,38881.0,0.668,0.6541,11.0,61631.0,Michigan
0.8461,1061.0,12344.0,25802.0,0.4821,0.6118,15.0,40552.0,Michigan
0.8477,1047.0,8810.0,24295.0,0.4771,0.5235,15.0,45686.0,Michigan
0.8559,1257.0,1496.0,58080.0,0.6959,0.2086,12.0,76368.0,Michigan
0.9132,1109.0,1463.0,37413.0,0.5897,0.6179,15.0,37874.0,Michigan
0.5226,1034.0,1954.0,37218.0,0.6404,0.6627,11.0,46151.0,Michigan
0.8325,1220.0,38424.0,20623.0,0.8207,0.5158,16.0,47200.0,Michigan
0.8575,1256.0,5701.0,30572.0,0.691,0.2896,13.0,66615.0,Michigan
0.6877,1180.0,6193.0,21531.0,0.5631,0.4617,16.0,51357.0,Michigan
0.7386,1141.0,4372.0,21703.0,0.356,0.6423,14.0,45777.0,Michigan
0.9209,1117.0,13538.0,23229.0,0.5608,0.5779,17.0,47256.0,Michigan
0.885,1019.0,838.0,44592.0,0.4412,0.4177,15.0,37481.0,Michigan
0.7781,1069.0,6522.0,22586.0,0.4248,0.6417,16.0,45072.0,Michigan
0.6326,1155.0,16530.0,25657.0,0.5576,0.5926,14.0,45524.0,Michigan
0.8281,1122.0,14286.0,26409.0,0.5627,0.4976,16.0,41262.0,Michigan
0.7637,1074.0,2346.0,54738.0,0.5807,0.558,13.0,45532.0,Minnesota
0.7495,1120.0,3508.0,21352.0,0.4759,0.5735,16.0,44676.0,Minnesota
0.8868,1188.0,2298.0,53361.0,0.7431,0.6057,11.0,47638.0,Minnesota
0.72,1150.0,1862.0,56594.0,0.7423,0.5559,12.0,39255.0,Minnesota
0.9137,1187.0,736.0,28000.0,0.7485,0.5068,12.0,33167.0,Minnesota
0.7643,1140.0,1787.0,52529.0,0.649,0.6379,13.0,39409.0,Minnesota
0.6948,1120.0,11500.0,21060.0,0.5183,0.5363,21.0,45050.0,Minnesota
0.7323,1370.0,30734.0,27508.0,0.8421,0.5397,17.0,45291.0,Minnesota
0.7954,1220.0,8084.0,25227.0,0.6467,0.4854,16.0,43777.0,Minnesota
0.7171,1120.0,3778.0,22319.0,0.5692,0.622,18.0,40788.0,Minnesota
0.9432,1085.0,6054.0,19875.0,0.4719,0.5101,16.0,43371.0,Minnesota
0.8865,1213.0,1533.0,62219.0,0.7871,0.0,11.0,47819.0,Minnesota
0.7369,1205.0,2134.0,51880.0,0.6516,0.6926,10.0,59350.0,Minnesota
0.7553,1222.0,6030.0,60092.0,0.781,0.4841,14.0,53323.0,Minnesota
0.7489,1133.0,2546.0,51940.0,0.5941,0.9568,9.0,48724.0,Minnesota
0.7691,1120.0,5606.0,22312.0,0.63,0.6671,16.0,44146.0,Minnesota
0.3891,1086.0,2478.0,22940.0,0.4188,0.6606,15.0,29553.0,Mississippi
0.6402,1106.0,1632.0,36113.0,0.5366,0.6752,10.0,33813.0,Mississippi
0.9909,1068.0,619.0,26868.0,0.5818,0.5234,21.0,33582.0,Mississippi
0.9978,1020.0,1716.0,21105.0,0.4393,0.5973,10.0,34276.0,Mississippi
0.6211,975.0,4742.0,24637.0,0.3895,0.6504,15.0,30196.0,Mississippi
0.6806,1208.0,635.0,57505.0,0.6154,0.5087,9.0,32696.0,Mississippi
0.8966,1201.0,15994.0,25492.0,0.6839,0.5765,16.0,44413.0,Mississippi
0.9929,1083.0,1834.0,20480.0,0.4472,0.8184,11.0,48169.0,Mississippi
0.7861,900.0,1316.0,20315.0,0.271,0.5767,12.0,25631.0,Mississippi
0.49,1185.0,2244.0,35853.0,0.6273,0.5994,13.0,37994.0,Mississippi
0.7612,1228.0,18451.0,25795.0,0.5973,0.5038,17.0,38872.0,Mississippi
0.9579,1135.0,10597.0,24119.0,0.5179,0.6465,16.0,38293.0,Mississippi
0.5581,992.0,563.0,17173.0,0.3377,0.6199,9.0,23897.0,Mississippi
0.5745,1217.0,1960.0,23738.0,0.6026,0.7122,13.0,37232.0,Mississippi
0.68,1050.0,999.0,31636.0,0.3911,0.6096,10.0,43407.0,Missouri
0.593,1068.0,232.0,19191.0,0.4286,0.5345,10.0,26415.0,Missouri
0.9254,1102.0,840.0,41119.0,0.4885,0.431,14.0,31938.0,Missouri
0.6542,1249.0,1340.0,42802.0,0.6028,0.5627,12.0,34288.0,Missouri
0.7811,1100.0,656.0,42135.0,0.6124,0.622,10.0,35764.0,Missouri
0.6505,1116.0,543.0,36584.0,0.3896,0.5396,10.0,33623.0,Missouri
0.7484,1138.0,4599.0,31101.0,0.5313,0.5601,13.0,39808.0,Missouri
0.9154,1132.0,5627.0,43856.0,0.7323,0.6867,13.0,57081.0,Missouri
0.618,1124.0,1504.0,41811.0,0.4055,0.5379,20.0,35546.0,Missouri
0.9687,1083.0,3593.0,16181.0,0.3699,0.6076,15.0,37127.0,Missouri
0.6588,970.0,1447.0,35117.0,0.2523,0.3856,15.0,31936.0,Missouri
0.7655,1263.0,23092.0,27518.0,0.7251,0.5414,18.0,44512.0,Missouri
0.7598,1239.0,6762.0,22643.0,0.5676,0.5917,14.0,44764.0,Missouri
0.854,1345.0,5668.0,23352.0,0.6344,0.2276,19.0,70668.0,Missouri
0.5661,1225.0,5718.0,24972.0,0.5755,0.557,14.0,42943.0,Missouri
0.6099,1278.0,3318.0,21858.0,0.7205,0.6007,13.0,34654.0,Missouri
0.8558,1104.0,4760.0,20745.0,0.5242,0.5931,19.0,36856.0,Missouri
0.6666,1139.0,1921.0,53456.0,0.7421,0.6601,13.0,57940.0,Missouri
0.7005,1355.0,7277.0,63757.0,0.7996,0.6147,9.0,51522.0,Missouri
0.9108,1185.0,254.0,49252.0,0.766,0.6496,7.0,118133.0,Missouri
0.9621,1101.0,1700.0,36077.0,0.5172,0.6471,11.0,40168.0,Missouri
0.6366,1086.0,409.0,37566.0,0.5316,1.0,8.0,29566.0,Missouri
0.9385,1146.0,14210.0,22720.0,0.5948,0.5961,19.0,34606.0,Missouri
0.13,1524.0,7713.0,79586.0,0.9312,0.5283,7.0,56841.0,Missouri
0.5945,1166.0,2327.0,44508.0,0.5704,0.5625,11.0,51899.0,Missouri
0.47,1189.0,779.0,49283.0,0.6531,0.5045,10.0,48627.0,Missouri
0.8392,1200.0,1084.0,51646.0,0.6744,0.6116,11.0,39039.0,Montana
1.0,1070.0,660.0,41324.0,0.3865,0.6348,8.0,63105.0,Montana
0.8984,1172.0,1467.0,21266.0,0.5734,0.3899,13.0,59111.0,Montana
0.73,1176.0,14329.0,22358.0,0.5452,0.4633,18.0,42419.0,Montana
0.8214,1126.0,7026.0,20680.0,0.4772,0.5791,15.0,31783.0,Montana
0.8066,1097.0,807.0,42238.0,0.523,0.4882,12.0,34987.0,Montana
0.8475,1151.0,1190.0,47238.0,0.5821,0.5134,14.0,39548.0,Nebraska
0.7775,1300.0,4455.0,58328.0,0.7885,0.5926,11.0,55037.0,Nebraska
0.9032,1097.0,4289.0,23361.0,0.5796,0.6246,13.0,40660.0,Nebraska
0.6375,1076.0,1200.0,47552.0,0.4498,0.4958,13.0,42939.0,Nebraska
0.8725,1100.0,12010.0,19834.0,0.5044,0.5541,15.0,42145.0,Nebraska
0.8181,1246.0,1686.0,49581.0,0.6583,0.567,12.0,41178.0,Nebraska
0.8107,1219.0,19448.0,24616.0,0.6641,0.4948,16.0,42368.0,Nebraska
0.9848,1082.0,574.0,37738.0,0.5988,0.561,10.0,46988.0,Nebraska
0.618,995.0,435.0,31650.0,0.422,0.4644,11.0,31752.0,Nebraska
0.8816,1153.0,16274.0,23594.0,0.6268,0.5308,17.0,41729.0,Nevada
0.0617,1508.0,4533.0,80184.0,0.936,0.4935,7.0,60840.0,New Hampshire
0.8672,1215.0,11429.0,34157.0,0.7784,0.5635,17.0,44656.0,New Hampshire
0.8809,1079.0,2930.0,29113.0,0.5991,0.5464,15.0,37392.0,New Hampshire
0.8403,941.0,1294.0,43583.0,0.3776,0.6113,14.0,34318.0,New Jersey
0.9596,1155.0,1624.0,47653.0,0.5904,0.6182,13.0,39093.0,New Jersey
0.9762,1066.0,1111.0,49199.0,0.6844,0.6355,12.0,41852.0,New Jersey
0.9198,1020.0,1903.0,48561.0,0.5203,0.7267,14.0,56760.0,New Jersey
0.796,1121.0,1314.0,46725.0,0.5839,0.7519,10.0,42048.0,New Jersey
0.8377,1181.0,14925.0,31040.0,0.6859,0.4736,17.0,39206.0,New Jersey
0.9066,1015.0,5146.0,25165.0,0.3901,0.5801,14.0,41333.0,New Jersey
0.7916,1023.0,10291.0,25272.0,0.4772,0.6149,16.0,38899.0,New Jersey
0.8354,1161.0,4057.0,53733.0,0.6924,0.6175,12.0,41881.0,New Jersey
0.9061,1110.0,15993.0,23180.0,0.6732,0.6133,17.0,36026.0,New Jersey
0.6914,1314.0,8377.0,29862.0,0.7369,0.2472,15.0,64152.0,New Jersey
0.0438,1517.0,5236.0,68044.0,0.9757,0.499,5.0,64287.0,New Jersey
0.701,1197.0,4859.0,23579.0,0.7174,0.5765,15.0,42752.0,New Jersey
0.8195,1194.0,3174.0,58498.0,0.6086,0.5813,10.0,42396.0,New Jersey
0.787,1131.0,4747.0,26094.0,0.7085,0.6254,14.0,49190.0,New Jersey
0.6816,1359.0,35827.0,24777.0,0.8373,0.5,15.0,49190.0,New Jersey
0.7743,1154.0,8066.0,25808.0,0.649,0.5476,13.0,49190.0,New Jersey
0.9284,1070.0,2017.0,46773.0,0.5845,0.6227,11.0,39048.0,New Jersey
0.7661,1298.0,5924.0,62269.0,0.7194,0.5422,15.0,48470.0,New Jersey
0.5269,1446.0,4053.0,72603.0,0.8728,0.3015,12.0,77960.0,New Jersey
0.8454,1154.0,8359.0,28450.0,0.762,0.6064,17.0,34341.0,New Jersey
0.6198,1270.0,6491.0,24171.0,0.8691,0.5733,13.0,49979.0,New Jersey
0.325,1002.0,2861.0,14319.0,0.3993,0.6075,16.0,38012.0,New Mexico
0.9672,1233.0,1201.0,20876.0,0.5526,0.3056,10.0,61201.0,New Mexico
0.9727,1135.0,15092.0,20184.0,0.5358,0.5859,13.0,37922.0,New Mexico
0.5726,1040.0,10674.0,19510.0,0.5041,0.5782,15.0,35910.0,New Mexico
0.7746,1200.0,5168.0,54230.0,0.7089,0.6921,12.0,61981.0,New York
0.7182,1295.0,639.0,48114.0,0.6828,0.6479,7.0,48699.0,New York
0.6716,1188.0,1460.0,52103.0,0.5991,0.5137,9.0,33732.0,New York
0.8146,1174.0,1807.0,39531.0,0.7062,0.5102,12.0,35188.0,New York
0.7458,1289.0,2790.0,70442.0,0.756,0.3072,13.0,68239.0,New York
0.1719,1448.0,3152.0,77580.0,0.9027,0.5511,9.0,44883.0,New York
0.0413,1528.0,8832.0,70999.0,0.9736,0.4939,6.0,70664.0,New York
0.0869,1510.0,15451.0,77047.0,0.9414,0.539,9.0,66972.0,New York
0.9245,1135.0,1388.0,37215.0,0.6426,0.7478,7.0,67692.0,New York
0.756,1058.0,1131.0,42823.0,0.4353,0.6622,12.0,46400.0,New York
0.583,1402.0,9669.0,70340.0,0.8316,0.5895,14.0,48682.0,New York
0.9264,1006.0,723.0,33299.0,0.5724,0.5671,12.0,33599.0,New York
0.6743,1285.0,1639.0,76415.0,0.7306,0.5143,9.0,40788.0,New York
0.6776,1288.0,6004.0,62994.0,0.6971,0.5705,13.0,42001.0,New York
0.7907,1193.0,841.0,46227.0,0.6461,0.6314,12.0,25284.0,New York
0.9256,1176.0,2667.0,54268.0,0.6189,0.5257,15.0,41234.0,New York
0.5043,1449.0,144.0,70174.0,0.8718,0.5625,7.0,45838.0,New York
0.9364,1144.0,1118.0,51075.0,0.5016,0.7433,12.0,41155.0,New York
0.734,1224.0,2604.0,49680.0,0.7575,0.6202,12.0,43828.0,New York
0.9332,1219.0,5909.0,51591.0,0.468,0.6832,13.0,54254.0,New York
0.8294,1161.0,1326.0,50645.0,0.6125,0.6078,9.0,35798.0,New York
0.5995,1282.0,5097.0,60386.0,0.8172,0.5768,16.0,47847.0,New York
0.8578,1061.0,5860.0,29251.0,0.4962,0.7005,15.0,39153.0,New York
0.7933,1235.0,3248.0,45103.0,0.7007,0.7214,10.0,84029.0,New York
0.9145,1087.0,1560.0,49158.0,0.6247,0.716,11.0,60134.0,New York
0.8211,1102.0,2253.0,50145.0,0.5639,0.771,15.0,53103.0,New York
0.1296,1507.0,28556.0,75348.0,0.8687,0.5822,8.0,56395.0,New York
0.922,1160.0,2764.0,47719.0,0.7049,0.6444,11.0,59824.0,New York
0.8035,1218.0,3345.0,51103.0,0.5573,0.4042,12.0,50900.0,New York
0.9965,989.0,975.0,41924.0,0.4009,0.5836,15.0,33323.0,New York
0.8762,1219.0,7820.0,60887.0,0.5909,0.6598,15.0,52562.0,New York
0.6786,1315.0,3869.0,69670.0,0.7134,0.7222,10.0,32573.0,New York
0.5302,1450.0,5579.0,75824.0,0.8419,0.3096,13.0,70951.0,New York
0.8739,1154.0,1085.0,45375.0,0.6356,0.6866,13.0,53964.0,New York
0.7136,1369.0,13085.0,66396.0,0.6898,0.3396,13.0,60248.0,New York
0.4055,1455.0,6417.0,77995.0,0.8586,0.5157,10.0,60800.0,New York
0.7811,1174.0,1742.0,52697.0,0.7103,0.4512,11.0,40603.0,New York
0.8525,1121.0,2364.0,34472.0,0.5235,0.6447,15.0,31919.0,New York
0.5655,1326.0,2227.0,74641.0,0.8186,0.5375,11.0,37152.0,New York
0.892,1159.0,1051.0,48015.0,0.5551,0.4653,17.0,31911.0,New York
0.5847,1376.0,1499.0,74388.0,0.7649,0.7825,11.0,27095.0,New York
0.7977,1165.0,3753.0,36095.0,0.7081,0.6906,12.0,39193.0,New York
0.711,1196.0,2586.0,48687.0,0.7301,0.5808,11.0,51328.0,New York
0.8514,1210.0,10058.0,54899.0,0.6821,0.5554,16.0,44550.0,New York
0.7251,1106.0,8918.0,15236.0,0.5346,0.4096,17.0,40743.0,New York
0.6799,1190.0,12556.0,26681.0,0.6627,0.5352,18.0,37279.0,New York
0.4415,1398.0,14303.0,27411.0,0.8382,0.5129,19.0,44075.0,New York
0.7009,1276.0,21303.0,26550.0,0.7378,0.4576,13.0,41881.0,New York
0.4806,1393.0,17900.0,25860.0,0.7766,0.5099,19.0,48743.0,New York
0.7725,1229.0,1924.0,18402.0,0.6542,0.3015,13.0,50388.0,New York
0.7645,1147.0,5668.0,22929.0,0.6319,0.5999,15.0,39051.0,New York
0.8454,1045.0,6024.0,18970.0,0.412,0.5677,15.0,33664.0,New York
0.605,1169.0,5974.0,25424.0,0.6491,0.5608,15.0,32827.0,New York
0.9075,1197.0,3540.0,24184.0,0.6198,0.5839,13.0,31299.0,New York
0.7385,1250.0,4450.0,26361.0,0.7611,0.6362,16.0,34674.0,New York
0.4614,1243.0,6142.0,25446.0,0.7334,0.6333,15.0,29827.0,New York
0.7965,1182.0,6095.0,24314.0,0.6637,0.5275,16.0,35948.0,New York
0.7541,1242.0,3369.0,28021.0,0.635,0.5898,13.0,22095.0,New York
0.7657,1165.0,3936.0,15718.0,0.4812,0.6029,15.0,37734.0,New York
0.6796,1154.0,4286.0,25919.0,0.6466,0.5987,16.0,36185.0,New York
0.7405,1201.0,1399.0,27369.0,0.7365,0.1415,15.0,69899.0,New York
0.5919,1328.0,14515.0,74518.0,0.8245,0.5472,14.0,47113.0,New York
0.2521,1252.0,1006.0,9715.0,0.8118,0.2167,13.0,65932.0,New York
0.8469,1255.0,18486.0,20133.0,0.7274,0.5675,17.0,34827.0,North Carolina
0.986,1054.0,1045.0,45324.0,0.5183,0.5158,13.0,39209.0,North Carolina
0.8725,1124.0,3313.0,53393.0,0.5596,0.5249,14.0,40239.0,North Carolina
0.0589,1516.0,6815.0,78176.0,0.9587,0.5162,6.0,69932.0,North Carolina
0.7679,951.0,1807.0,13562.0,0.3977,0.5855,16.0,31821.0,North Carolina
0.8206,923.0,4986.0,16603.0,0.3732,0.7054,15.0,35936.0,North Carolina
0.7895,1086.0,1980.0,45023.0,0.4761,0.6465,11.0,39913.0,North Carolina
0.8209,1055.0,1025.0,54171.0,0.5466,0.5112,12.0,29066.0,North Carolina
0.8028,1218.0,4871.0,56463.0,0.7048,0.5576,17.0,40140.0,North Carolina
0.592,1146.0,869.0,44130.0,0.404,0.6525,11.0,36870.0,North Carolina
0.6987,1228.0,1411.0,51227.0,0.6849,1.0,10.0,36771.0,North Carolina
0.7859,1178.0,1512.0,44518.0,0.3686,0.4491,10.0,36622.0,North Carolina
0.9024,1164.0,851.0,41765.0,0.2937,0.4548,13.0,27893.0,North Carolina
0.8258,1022.0,1891.0,33560.0,0.4746,0.6467,14.0,41551.0,North Carolina
0.5735,1038.0,11327.0,18332.0,0.5307,0.6107,19.0,36022.0,North Carolina
0.8163,1233.0,3084.0,20515.0,0.6458,0.5704,14.0,25479.0,North Carolina
0.204,1214.0,19722.0,24498.0,0.9047,0.6037,15.0,46617.0,North Carolina
0.7945,1184.0,23708.0,23364.0,0.6565,0.4752,20.0,42089.0,North Carolina
0.9084,1172.0,14889.0,19181.0,0.5755,0.6685,17.0,34664.0,North Carolina
0.7602,1010.0,5323.0,24739.0,0.5077,0.7098,15.0,31976.0,North Carolina
0.2975,1236.0,935.0,22045.0,0.6985,0.6107,6.0,20718.0,North Carolina
0.4748,1361.0,24999.0,24406.0,0.8436,0.4942,15.0,48377.0,North Carolina
0.2802,984.0,1362.0,45109.0,0.4026,0.5184,12.0,35383.0,North Carolina
0.6798,1259.0,14161.0,25235.0,0.7175,0.6507,16.0,39430.0,North Carolina
0.9184,1003.0,6179.0,17316.0,0.4317,0.6237,15.0,34129.0,North Carolina
0.7176,1070.0,744.0,45440.0,0.3439,0.5766,11.0,38798.0,North Carolina
0.692,1159.0,1418.0,51239.0,0.6429,0.6439,9.0,50441.0,North Carolina
0.9019,1060.0,346.0,37195.0,0.6739,0.9798,15.0,28589.0,North Carolina
0.774,1285.0,718.0,54084.0,0.3897,0.6616,9.0,19853.0,North Carolina
0.8147,948.0,4581.0,20618.0,0.4578,0.7614,16.0,37336.0,North Carolina
0.7942,1125.0,9980.0,18634.0,0.6136,0.5593,15.0,37398.0,North Carolina
0.9935,1014.0,1166.0,19807.0,0.3636,0.554,13.0,46508.0,North Dakota
0.7579,1062.0,992.0,36031.0,0.5565,0.4304,11.0,46895.0,North Dakota
0.6099,1050.0,866.0,18995.0,0.3185,0.5935,14.0,41499.0,North Dakota
0.8838,1055.0,2248.0,17425.0,0.465,0.6357,11.0,44915.0,North Dakota
0.8903,1154.0,8998.0,23529.0,0.6178,0.439,17.0,49193.0,North Dakota
0.9546,1151.0,9932.0,22482.0,0.6487,0.5022,18.0,50082.0,North Dakota
0.8145,1051.0,942.0,19078.0,0.5318,0.5223,13.0,41614.0,North Dakota
0.7001,1137.0,2991.0,35126.0,0.6763,0.5089,12.0,46368.0,Ohio
0.7901,1175.0,2808.0,52158.0,0.6632,0.5563,11.0,39272.0,Ohio
0.7873,1131.0,12779.0,23732.0,0.6248,0.5626,18.0,37537.0,Ohio
0.7417,1134.0,2045.0,50203.0,0.6153,0.6078,10.0,41645.0,Ohio
0.3024,1483.0,5697.0,71878.0,0.8436,0.4738,9.0,61888.0,Ohio
0.6224,1235.0,3613.0,44019.0,0.7335,0.5472,15.0,44534.0,Ohio
0.8483,1267.0,27188.0,26819.0,0.7298,0.5026,19.0,50244.0,Ohio
0.9129,1114.0,10208.0,24364.0,0.5084,0.5542,16.0,40514.0,Ohio
0.8063,1246.0,8555.0,62220.0,0.7979,0.4771,15.0,49256.0,Ohio
0.6221,1038.0,516.0,47356.0,0.5116,0.3973,11.0,31902.0,Ohio
0.836,1130.0,2204.0,48309.0,0.6345,0.676,13.0,41674.0,Ohio
0.8636,1104.0,1036.0,45158.0,0.5735,0.4875,15.0,32717.0,Ohio
0.8811,1266.0,2609.0,58709.0,0.7576,0.45,13.0,41464.0,Ohio
0.8731,1117.0,20136.0,25976.0,0.6766,0.6238,19.0,38063.0,Ohio
0.253,1050.0,567.0,27193.0,0.4915,0.8607,12.0,62424.0,Ohio
0.5473,1040.0,644.0,46763.0,0.4528,0.4379,13.0,35544.0,Ohio
0.7524,1050.0,811.0,39043.0,0.5772,0.5549,13.0,42400.0,Ohio
0.7803,1085.0,882.0,42830.0,0.5967,0.5896,12.0,35514.0,Ohio
0.8309,1082.0,1124.0,50549.0,0.5088,0.4875,8.0,38767.0,Ohio
0.886,1280.0,16868.0,34499.0,0.83,0.5118,16.0,46060.0,Ohio
0.5221,1020.0,621.0,24601.0,0.8068,0.876,10.0,63977.0,Ohio
0.7974,1115.0,1865.0,45175.0,0.6816,0.4874,12.0,37655.0,Ohio
0.8723,1120.0,1490.0,44567.0,0.5921,0.5987,13.0,40789.0,Ohio
0.6316,1162.0,1087.0,40167.0,0.534,0.5345,11.0,43226.0,Ohio
0.8239,1008.0,1141.0,43654.0,0.3878,0.5101,12.0,36379.0,Ohio
0.3434,1419.0,2942.0,79296.0,0.823,0.584,9.0,28437.0,Ohio
0.689,1203.0,2187.0,50110.0,0.7599,0.4344,12.0,51174.0,Ohio
0.5718,1345.0,45986.0,27817.0,0.8799,0.4977,18.0,45201.0,Ohio
0.8855,1200.0,17899.0,27672.0,0.6689,0.6033,17.0,49446.0,Ohio
0.829,1134.0,2180.0,45208.0,0.6922,0.5972,12.0,37509.0,Ohio
0.6845,1213.0,2443.0,41280.0,0.7478,0.5833,16.0,34822.0,Ohio
0.9652,1192.0,12016.0,25257.0,0.5532,0.5094,20.0,46234.0,Ohio
0.8246,1128.0,657.0,45342.0,0.4912,0.93,7.0,59477.0,Ohio
0.7992,1147.0,1635.0,43398.0,0.6856,0.5492,14.0,44880.0,Ohio
0.388,960.0,528.0,18542.0,0.1842,0.5909,19.0,29760.0,Ohio
0.9227,1133.0,1256.0,54249.0,0.6443,0.543,11.0,40461.0,Ohio
0.9604,1072.0,6879.0,22557.0,0.4393,0.5479,14.0,42048.0,Ohio
0.8402,1211.0,5124.0,58934.0,0.7515,0.5654,11.0,50231.0,Ohio
0.7815,1080.0,8306.0,19279.0,0.4703,0.5485,17.0,38078.0,Ohio
0.5391,1022.0,780.0,41218.0,0.328,0.4833,14.0,46000.0,Oklahoma
0.813,1085.0,11420.0,24564.0,0.3698,0.6235,16.0,40910.0,Oklahoma
0.6468,1034.0,2552.0,17393.0,0.309,0.5823,17.0,40599.0,Oklahoma
0.5533,977.0,279.0,27426.0,0.1889,0.4373,13.0,32481.0,Oklahoma
0.9946,1048.0,5212.0,18039.0,0.3883,0.6403,17.0,39059.0,Oklahoma
0.593,1028.0,1408.0,18658.0,0.3035,0.5845,14.0,40225.0,Oklahoma
0.9653,1129.0,1736.0,36352.0,0.5649,0.5461,15.0,45225.0,Oklahoma
0.6837,1166.0,19841.0,24239.0,0.6551,0.519,18.0,44418.0,Oklahoma
0.5574,1111.0,1407.0,44509.0,0.5351,0.5672,15.0,38804.0,Oklahoma
0.7924,1200.0,1425.0,46199.0,0.65,0.6646,10.0,46103.0,Oklahoma
0.8523,1249.0,20800.0,30260.0,0.7575,0.5124,17.0,50099.0,Oklahoma
0.8499,1123.0,3186.0,45170.0,0.5888,0.6168,16.0,38018.0,Oklahoma
0.737,1042.0,2832.0,17625.0,0.3009,0.5561,21.0,40399.0,Oklahoma
0.9412,1050.0,3541.0,21765.0,0.3866,0.6069,19.0,46928.0,Oklahoma
0.7524,1231.0,2698.0,60129.0,0.7341,0.4941,11.0,55109.0,Oklahoma
0.8254,1184.0,2545.0,52463.0,0.6947,0.6122,16.0,43528.0,Oregon
0.7945,1345.0,2096.0,71395.0,0.7416,0.6384,12.0,28462.0,Oregon
0.6798,1056.0,470.0,44311.0,0.6024,0.5894,13.0,39574.0,Oregon
0.9062,1193.0,3257.0,24778.0,0.5556,0.4777,15.0,66345.0,Oregon
0.8921,1232.0,27038.0,28582.0,0.6818,0.4788,18.0,43364.0,Oregon
0.9104,1177.0,1638.0,64365.0,0.7077,0.6068,10.0,35490.0,Oregon
0.9843,1099.0,15674.0,21620.0,0.5381,0.5622,19.0,37970.0,Oregon
0.8119,1287.0,3565.0,65498.0,0.8077,0.6216,11.0,56167.0,Oregon
0.897,1103.0,3208.0,18393.0,0.4103,0.5979,20.0,30292.0,Oregon
0.375,1103.0,861.0,49141.0,0.6436,0.5575,12.0,31646.0,Oregon
0.9056,1151.0,243.0,38707.0,0.4819,0.4897,6.0,24477.0,Pennsylvania
0.7822,1180.0,2265.0,55184.0,0.6932,0.6349,13.0,52201.0,Pennsylvania
0.8242,1184.0,1703.0,54454.0,0.6181,0.6653,10.0,36340.0,Pennsylvania
0.345,1387.0,3714.0,75922.0,0.8795,0.5277,9.0,55921.0,Pennsylvania
0.8004,1106.0,1292.0,46588.0,0.5231,0.5967,14.0,40971.0,Pennsylvania
0.9708,1050.0,4314.0,26460.0,0.4836,0.5631,19.0,40494.0,Pennsylvania
0.9205,1057.0,1244.0,42356.0,0.5229,0.8465,11.0,54087.0,Pennsylvania
0.1354,1520.0,6880.0,76870.0,0.9277,0.4984,5.0,86423.0,Pennsylvania
0.6878,1125.0,1041.0,53414.0,0.6369,0.9376,9.0,61735.0,Pennsylvania
0.9791,995.0,1011.0,54837.0,0.6262,0.5786,9.0,39952.0,Pennsylvania
0.9283,1157.0,1644.0,56623.0,0.5362,0.5931,13.0,36194.0,Pennsylvania
0.8263,1317.0,14308.0,59319.0,0.7822,0.4878,10.0,65794.0,Pennsylvania
0.8426,1235.0,5071.0,58521.0,0.7833,0.6358,13.0,53106.0,Pennsylvania
0.9339,1060.0,4275.0,22754.0,0.4854,0.5651,18.0,35867.0,Pennsylvania
0.9237,1088.0,2779.0,22017.0,0.4716,0.6024,16.0,35322.0,Pennsylvania
0.7948,1182.0,1667.0,45667.0,0.755,0.5933,12.0,45963.0,Pennsylvania
0.8359,1134.0,2681.0,48394.0,0.6427,0.5964,13.0,49832.0,Pennsylvania
0.906,1095.0,1484.0,49175.0,0.5462,0.7736,10.0,70232.0,Pennsylvania
0.7703,1075.0,2141.0,34757.0,0.5621,0.7548,13.0,62462.0,Pennsylvania
0.7958,1161.0,1363.0,44550.0,0.6862,0.7117,9.0,52491.0,Pennsylvania
0.942,1044.0,6989.0,28307.0,0.5559,0.6125,22.0,38731.0,Pennsylvania
0.8215,1045.0,1055.0,30519.0,0.4607,0.546,13.0,30656.0,Pennsylvania
0.9725,1095.0,6484.0,28612.0,0.539,0.5632,19.0,37289.0,Pennsylvania
0.9813,1062.0,932.0,43776.0,0.5139,0.6159,12.0,39146.0,Pennsylvania
0.96,1114.0,1350.0,37724.0,0.6162,0.523,15.0,32875.0,Pennsylvania
0.7764,1184.0,1635.0,60168.0,0.6791,0.5321,11.0,42968.0,Pennsylvania
0.4597,1422.0,5446.0,71489.0,0.8734,0.4603,10.0,67872.0,Pennsylvania
0.7975,983.0,1763.0,24134.0,0.4901,0.6625,13.0,30980.0,Pennsylvania
0.9499,1085.0,2361.0,20675.0,0.5389,0.6027,15.0,36597.0,Pennsylvania
0.944,1061.0,1487.0,22160.0,0.4891,0.6321,18.0,37284.0,Pennsylvania
0.8186,1118.0,1719.0,49379.0,0.6975,0.6818,11.0,42016.0,Pennsylvania
0.7738,1230.0,2350.0,50939.0,0.7696,0.6094,12.0,41140.0,Pennsylvania
0.9637,1110.0,6093.0,24459.0,0.5659,0.5913,19.0,40848.0,Pennsylvania
0.842,1002.0,1682.0,50920.0,0.4925,0.6397,15.0,51355.0,Pennsylvania
0.0587,1523.0,10644.0,65330.0,0.9622,0.5495,6.0,76746.0,Pennsylvania
0.6132,1215.0,1311.0,44520.0,0.774,0.6781,12.0,56323.0,Pennsylvania
0.6668,1370.0,19961.0,34777.0,0.8428,0.5567,14.0,46261.0,Pennsylvania
0.8232,1077.0,2567.0,47613.0,0.6088,0.6299,12.0,32096.0,Pennsylvania
0.8002,1084.0,425.0,32094.0,0.4956,0.5624,12.0,38881.0,Pennsylvania
0.8309,1229.0,4112.0,63959.0,0.8319,0.5255,10.0,53466.0,Pennsylvania
0.7303,1103.0,1383.0,51823.0,0.7275,0.4389,11.0,37659.0,Pennsylvania
0.8029,1200.0,3433.0,63802.0,0.7883,0.5826,12.0,49625.0,Pennsylvania
0.9312,1075.0,4676.0,28491.0,0.5802,0.515,18.0,40545.0,Pennsylvania
0.795,1081.0,6823.0,18684.0,0.6845,0.5583,19.0,39613.0,Pennsylvania
0.8804,1067.0,767.0,48691.0,0.4686,0.472,11.0,33900.0,Pennsylvania
0.7809,1235.0,3727.0,56938.0,0.7101,0.7481,13.0,65464.0,Pennsylvania
0.2524,1437.0,7000.0,75698.0,0.9129,0.5433,11.0,70513.0,Pennsylvania
0.8936,1165.0,14152.0,18257.0,0.7275,0.6015,20.0,43719.0,Pennsylvania
0.8214,1149.0,1073.0,50257.0,0.7279,0.5219,12.0,36757.0,Pennsylvania
0.8453,1178.0,2729.0,57605.0,0.6844,0.5771,12.0,59934.0,Pennsylvania
0.9477,1150.0,2134.0,56058.0,0.6138,0.5436,13.0,56093.0,Pennsylvania
0.9287,1080.0,664.0,36390.0,0.5345,0.7907,13.0,45119.0,Pennsylvania
0.7769,1130.0,3452.0,33766.0,0.6559,0.5634,14.0,46446.0,Pennsylvania
0.0551,1517.0,7125.0,80448.0,0.9584,0.5119,6.0,54465.0,Rhode Island
0.7361,1222.0,3060.0,64342.0,0.8359,0.369,13.0,57774.0,Rhode Island
0.5798,1246.0,4141.0,70462.0,0.8895,0.5487,11.0,51000.0,Rhode Island
0.7646,1200.0,13850.0,31539.0,0.7005,0.568,17.0,45694.0,Rhode Island
0.1868,1399.0,2044.0,75520.0,0.8618,0.6654,9.0,24746.0,Rhode Island
0.5721,1082.0,2679.0,40591.0,0.4927,0.6446,13.0,37695.0,South Carolina
0.5661,1079.0,941.0,37208.0,0.5213,0.6716,13.0,36162.0,South Carolina
0.7611,1211.0,9770.0,30219.0,0.67,0.6644,16.0,33231.0,South Carolina
0.4922,1339.0,21577.0,33004.0,0.8547,0.5124,16.0,48784.0,South Carolina
0.9763,1050.0,834.0,43333.0,0.3661,0.5935,12.0,31196.0,South Carolina
0.4563,1049.0,743.0,37833.0,0.6211,0.5236,16.0,29034.0,South Carolina
0.6267,1041.0,700.0,53727.0,0.4009,0.35,15.0,30540.0,South Carolina
0.8613,1011.0,2867.0,22562.0,0.4321,0.6627,13.0,33898.0,South Carolina
0.7135,1375.0,2299.0,66814.0,0.8189,0.5994,9.0,34827.0,South Carolina
0.6905,1057.0,3392.0,25497.0,0.5331,0.6857,16.0,33198.0,South Carolina
0.6974,1097.0,1609.0,39201.0,0.5731,0.5264,11.0,33189.0,South Carolina
0.7098,1123.0,931.0,54590.0,0.5916,0.5016,11.0,31420.0,South Carolina
0.8352,1051.0,2813.0,20205.0,0.4288,0.6502,16.0,37748.0,South Carolina
0.6156,1286.0,26430.0,28856.0,0.7817,0.5519,18.0,41702.0,South Carolina
0.7914,1118.0,9384.0,24910.0,0.5115,0.551,17.0,31181.0,South Carolina
0.8759,937.0,2063.0,29823.0,0.3041,0.5521,15.0,29879.0,South Carolina
0.757,1065.0,4496.0,23482.0,0.4741,0.6722,15.0,40407.0,South Carolina
0.639,1114.0,3765.0,27620.0,0.5823,0.673,12.0,33696.0,South Carolina
0.7182,1215.0,1658.0,51506.0,0.7057,0.6303,11.0,45806.0,South Dakota
0.9725,1065.0,2042.0,20377.0,0.4248,0.6621,17.0,36240.0,South Dakota
0.8561,1133.0,1910.0,22413.0,0.4675,0.3089,18.0,46352.0,South Dakota
0.7574,1113.0,654.0,39854.0,0.5486,0.5367,12.0,48248.0,South Dakota
0.6737,1098.0,666.0,42909.0,0.61,0.4775,12.0,42844.0,South Dakota
0.7982,1086.0,1344.0,21971.0,0.4757,0.5938,16.0,38677.0,South Dakota
0.9373,1019.0,547.0,35400.0,0.3465,0.5832,11.0,50985.0,South Dakota
0.8048,1266.0,1976.0,24661.0,0.5231,0.2293,11.0,67038.0,South Dakota
0.8743,1119.0,8651.0,22303.0,0.5955,0.5349,17.0,47307.0,South Dakota
0.8701,1122.0,5328.0,23245.0,0.601,0.6304,14.0,44932.0,South Dakota
0.9343,1085.0,7490.0,23439.0,0.4234,0.6071,15.0,37418.0,Tennessee
0.3492,1120.0,888.0,18786.0,0.6034,0.9077,8.0,61306.0,Tennessee
0.8808,1272.0,7050.0,56450.0,0.6822,0.6518,14.0,34052.0,Tennessee
0.4995,981.0,2372.0,31078.0,0.3774,0.4785,13.0,49234.0,Tennessee
0.7887,1112.0,1601.0,41410.0,0.5654,0.5734,14.0,37188.0,Tennessee
0.9657,1108.0,1261.0,45693.0,0.5916,0.5535,11.0,48210.0,Tennessee
0.7399,1224.0,2945.0,50331.0,0.7126,0.6071,14.0,41962.0,Tennessee
0.874,1135.0,9768.0,23178.0,0.5058,0.6192,15.0,35272.0,Tennessee
0.6111,1167.0,914.0,35266.0,0.4567,0.6663,15.0,26827.0,Tennessee
0.8788,1180.0,1422.0,34918.0,0.6473,0.5577,13.0,33976.0,Tennessee
0.8092,1098.0,657.0,29203.0,0.6145,0.5145,10.0,33959.0,Tennessee
0.6619,1084.0,1301.0,44506.0,0.4615,0.6387,11.0,42393.0,Tennessee
0.8294,1169.0,3412.0,31703.0,0.5799,0.6249,13.0,32386.0,Tennessee
0.699,1102.0,1575.0,37491.0,0.5301,0.7187,10.0,48335.0,Tennessee
0.9216,1058.0,741.0,41099.0,0.3415,0.5628,13.0,32724.0,Tennessee
0.684,1133.0,17713.0,21437.0,0.5367,0.544,16.0,36077.0,Tennessee
0.5688,1388.0,1983.0,65940.0,0.8541,0.5845,10.0,31060.0,Tennessee
0.6026,1318.0,1725.0,64630.0,0.8017,0.5281,10.0,31365.0,Tennessee
0.5962,1064.0,962.0,35219.0,0.5167,0.6414,10.0,39039.0,Tennessee
0.8568,1149.0,9970.0,23093.0,0.5373,0.5834,18.0,38316.0,Tennessee
0.7494,1303.0,24957.0,32498.0,0.7213,0.5402,17.0,42205.0,Tennessee
0.7512,1119.0,4743.0,21040.0,0.5169,0.6074,15.0,35670.0,Tennessee
0.7703,1092.0,1065.0,40726.0,0.4064,0.5211,19.0,36749.0,Tennessee
0.5289,1259.0,1850.0,54562.0,0.6833,0.6557,9.0,46632.0,Tennessee
0.0714,1534.0,7104.0,76044.0,0.9338,0.511,8.0,59743.0,Tennessee
0.7011,1186.0,3131.0,53368.0,0.6023,0.6084,13.0,39943.0,Texas
0.7007,1061.0,5418.0,20712.0,0.446,0.5775,19.0,38706.0,Texas
0.4271,1237.0,1208.0,56336.0,0.6827,0.5348,11.0,27494.0,Texas
0.5669,1288.0,15102.0,67495.0,0.8162,0.6018,16.0,46390.0,Texas
0.8904,1025.0,1707.0,46372.0,0.374,0.6755,17.0,47838.0,Texas
0.9128,1081.0,7969.0,23035.0,0.3592,0.6071,17.0,43580.0,Texas
0.94,1093.0,2717.0,44558.0,0.6134,0.5738,14.0,41685.0,Texas
0.5836,1271.0,1496.0,59600.0,0.7176,0.5662,12.0,37501.0,Texas
0.9601,1053.0,1762.0,22050.0,0.2372,0.6311,14.0,36554.0,Texas
0.8666,1051.0,7517.0,23353.0,0.4185,0.5937,18.0,42505.0,Texas
0.9459,1068.0,1459.0,44456.0,0.5158,0.5284,15.0,38600.0,Texas
0.8487,1155.0,2773.0,43927.0,0.4393,0.6538,16.0,48433.0,Texas
0.9119,1071.0,6747.0,27188.0,0.5307,0.6415,17.0,46743.0,Texas
0.6552,1235.0,37553.0,24014.0,0.6204,0.5133,21.0,45815.0,Texas
0.9422,1042.0,4689.0,43915.0,0.576,0.633,13.0,43200.0,Texas
0.8806,1012.0,7881.0,21356.0,0.3867,0.5919,18.0,51854.0,Texas
0.5438,992.0,6352.0,14898.0,0.486,0.6149,21.0,29463.0,Texas
0.5419,1250.0,1623.0,45711.0,0.6374,0.3894,15.0,48303.0,Texas
0.9518,1107.0,1275.0,38035.0,0.4291,0.64,12.0,42486.0,Texas
0.9934,1084.0,3176.0,44214.0,0.5255,0.6499,17.0,46931.0,Texas
0.7835,1147.0,1115.0,43389.0,0.3098,0.4951,11.0,34583.0,Texas
0.8142,1127.0,32590.0,22558.0,0.6018,0.5394,25.0,39490.0,Texas
0.6578,989.0,1188.0,39593.0,0.3497,0.6793,11.0,33190.0,Texas
0.77,966.0,8444.0,25513.0,0.416,0.6786,19.0,39863.0,Texas
0.0948,1534.0,4240.0,69557.0,0.9234,0.4844,6.0,69373.0,Texas
0.9842,1123.0,2603.0,42402.0,0.616,0.6116,14.0,44747.0,Texas
0.9658,1041.0,18288.0,23209.0,0.5728,0.6378,20.0,39591.0,Texas
0.8378,1073.0,967.0,43090.0,0.4533,0.5502,15.0,38456.0,Texas
0.5313,1448.0,6894.0,76600.0,0.8241,0.4951,12.0,62462.0,Texas
0.8541,1013.0,1469.0,34300.0,0.4259,0.5167,16.0,30095.0,Texas
0.8313,1076.0,9515.0,24550.0,0.5292,0.6356,17.0,39045.0,Texas
0.6999,1088.0,33175.0,25449.0,0.5696,0.5963,22.0,39578.0,Texas
0.5751,1031.0,818.0,33292.0,0.4545,0.6051,12.0,43012.0,Texas
1.0,941.0,1603.0,23310.0,0.2875,0.6082,11.0,33951.0,Texas
0.5681,1050.0,11666.0,21849.0,0.4883,0.6368,21.0,43114.0,Texas
0.9287,1006.0,4755.0,22574.0,0.4347,0.4995,17.0,39014.0,Texas
0.6428,1275.0,56006.0,31242.0,0.8336,0.4739,19.0,50427.0,Texas
0.927,1115.0,32658.0,24266.0,0.5111,0.6181,24.0,58806.0,Texas
0.2875,1371.0,40506.0,28571.0,0.8775,0.5664,17.0,48212.0,Texas
0.9388,1136.0,6752.0,21156.0,0.4217,0.6161,17.0,51894.0,Texas
0.5361,1291.0,10215.0,71229.0,0.8284,0.6027,14.0,51829.0,Texas
0.6469,1034.0,3443.0,20947.0,0.4165,0.5786,13.0,49359.0,Texas
0.905,1119.0,29151.0,19461.0,0.5095,0.5228,26.0,38500.0,Texas
0.6305,919.0,5726.0,23898.0,0.2344,0.6422,15.0,33515.0,Texas
0.6786,1209.0,32414.0,24618.0,0.6266,0.4886,21.0,44926.0,Texas
0.5753,1012.0,1454.0,47527.0,0.263,0.5481,13.0,36556.0,Texas
0.957,1060.0,9035.0,19976.0,0.485,0.9118,17.0,49716.0,Texas
0.3372,1392.0,2509.0,62596.0,0.799,0.5253,9.0,39216.0,Texas
0.9704,1085.0,7015.0,20586.0,0.4566,0.5909,17.0,41225.0,Texas
0.5918,1342.0,31642.0,19220.0,0.7675,0.5133,21.0,47060.0,Utah
0.8873,1149.0,9297.0,19958.0,0.5472,0.5731,23.0,38729.0,Utah
0.9263,1217.0,20516.0,20239.0,0.5578,0.546,21.0,41246.0,Utah
0.9497,1257.0,24850.0,20616.0,0.672,0.4815,18.0,47858.0,Utah
0.7573,1265.0,1153.0,53106.0,0.6331,0.6392,8.0,45376.0,Utah
0.8729,1054.0,1622.0,25496.0,0.5506,0.5462,14.0,36701.0,Vermont
0.1345,1466.0,2837.0,76946.0,0.9117,0.5347,9.0,44936.0,Vermont
0.6351,1351.0,11081.0,33877.0,0.7713,0.6216,17.0,38345.0,Vermont
0.4772,1033.0,1094.0,49727.0,0.4173,0.4644,12.0,41299.0,Virginia
0.7509,1166.0,1426.0,52587.0,0.6208,0.5372,13.0,35362.0,Virginia
0.3654,1447.0,6521.0,40034.0,0.9103,0.5846,12.0,45090.0,Virginia
0.4071,1130.0,4246.0,30130.0,0.62,0.6168,21.0,36809.0,Virginia
0.8854,1219.0,4463.0,31340.0,0.7473,0.5449,13.0,38388.0,Virginia
0.9523,1346.0,916.0,52686.0,0.5512,0.5961,11.0,42679.0,Virginia
0.913,1250.0,26339.0,25643.0,0.7013,0.4955,16.0,51415.0,Virginia
0.8625,1233.0,19743.0,28545.0,0.8175,0.5786,16.0,44943.0,Virginia
0.8998,1098.0,3200.0,29430.0,0.6518,0.695,13.0,40804.0,Virginia
0.8192,1244.0,3624.0,28642.0,0.6803,0.6454,11.0,37519.0,Virginia
0.8864,969.0,5004.0,25288.0,0.3712,0.6771,15.0,31957.0,Virginia
0.9623,1126.0,18429.0,26170.0,0.4869,0.5607,16.0,42626.0,Virginia
0.9531,1054.0,6437.0,25021.0,0.5391,0.6126,13.0,39286.0,Virginia
0.938,1071.0,475.0,40972.0,0.5598,0.6189,8.0,28001.0,Virginia
0.8003,1175.0,451.0,39985.0,0.4167,1.0,10.0,26817.0,Virginia
0.5647,1320.0,29699.0,27755.0,0.8661,0.4269,14.0,57372.0,Virginia
0.9277,1187.0,20918.0,31917.0,0.6755,0.6324,18.0,38339.0,Virginia
0.2074,1457.0,17041.0,32289.0,0.9371,0.5623,15.0,58760.0,Virginia
0.9608,941.0,3886.0,23673.0,0.4778,0.5998,13.0,30800.0,Virginia
0.9378,840.0,1190.0,26902.0,0.4176,0.5034,25.0,28723.0,Virginia
0.8637,1287.0,1190.0,50319.0,0.4682,0.6101,12.0,31494.0,Virginia
0.1885,1487.0,1850.0,77600.0,0.9361,0.5119,8.0,53254.0,Virginia
0.9946,1119.0,1819.0,24865.0,0.4323,0.6108,14.0,24717.0,Washington
0.7615,1321.0,4962.0,61828.0,0.8511,0.5411,11.0,50138.0,Washington
0.9598,1164.0,754.0,45863.0,0.5813,0.6499,11.0,41265.0,Washington
0.8839,1247.0,2331.0,57587.0,0.6938,0.6396,11.0,40550.0,Washington
0.883,1293.0,1866.0,60204.0,0.7423,0.5745,9.0,31758.0,Washington
0.7162,1103.0,1347.0,54082.0,0.6089,0.6088,11.0,45424.0,Washington
0.9195,1178.0,2611.0,63197.0,0.6594,0.6748,13.0,45290.0,Washington
0.8212,1246.0,4233.0,64819.0,0.749,0.613,11.0,51644.0,Washington
0.961,1206.0,13933.0,18120.0,0.677,0.574,17.0,33759.0,Washington
0.9146,1187.0,2293.0,61562.0,0.7539,0.5901,11.0,36595.0,Washington
0.6653,1030.0,706.0,42915.0,0.3183,0.3867,13.0,37456.0,West Virginia
0.4615,1126.0,167.0,26836.0,0.5714,0.4731,7.0,15229.0,West Virginia
0.7355,1061.0,531.0,45760.0,0.4318,0.4652,12.0,29394.0,West Virginia
0.9563,1042.0,1345.0,18157.0,0.4191,0.5822,15.0,31914.0,West Virginia
0.9875,1018.0,2908.0,17689.0,0.4536,0.5891,14.0,37673.0,West Virginia
0.978,1085.0,7175.0,19715.0,0.5219,0.5812,17.0,38115.0,West Virginia
0.9641,1087.0,2299.0,17804.0,0.4413,0.6037,14.0,39062.0,West Virginia
0.7385,1069.0,1653.0,22786.0,0.4226,0.6425,11.0,36202.0,West Virginia
0.8443,1070.0,978.0,46028.0,0.5434,0.5337,12.0,35256.0,West Virginia
0.8982,1154.0,18878.0,22953.0,0.6394,0.5162,18.0,41408.0,West Virginia
0.7807,1057.0,599.0,41796.0,0.5652,0.3806,12.0,31917.0,West Virginia
0.8529,1105.0,356.0,31509.0,0.5862,0.927,13.0,61108.0,Wisconsin
0.8891,1062.0,602.0,44055.0,0.5375,0.6429,6.0,56214.0,Wisconsin
0.705,1202.0,2799.0,46321.0,0.6742,0.6992,14.0,44201.0,Wisconsin
0.7569,1143.0,2616.0,45228.0,0.6804,0.5608,13.0,37348.0,Wisconsin
0.6859,1150.0,2628.0,47623.0,0.592,0.6149,12.0,46134.0,Wisconsin
0.803,1147.0,563.0,29353.0,0.5682,0.5897,12.0,36001.0,Wisconsin
0.7627,1050.0,1144.0,38811.0,0.5584,0.6608,12.0,52017.0,Wisconsin
0.8626,1292.0,7466.0,61292.0,0.8136,0.564,13.0,53133.0,Wisconsin
0.6672,1284.0,2554.0,55803.0,0.6599,0.2709,13.0,68502.0,Wisconsin
0.6236,1000.0,659.0,43441.0,0.5068,1.0,10.0,37252.0,Wisconsin
0.8515,1275.0,1919.0,53063.0,0.7804,0.5826,13.0,40650.0,Wisconsin
0.7746,1148.0,1639.0,41474.0,0.6464,0.7706,11.0,56417.0,Wisconsin
0.8297,1085.0,9298.0,18358.0,0.6347,0.4829,20.0,41947.0,Wisconsin
0.7746,1170.0,9633.0,20603.0,0.6805,0.6119,20.0,42860.0,Wisconsin
0.9143,1100.0,6475.0,17334.0,0.5461,0.6349,23.0,38647.0,Wisconsin
0.7385,1170.0,9230.0,17776.0,0.7302,0.5754,19.0,40863.0,Wisconsin
0.9802,1192.0,976.0,44582.0,0.6105,0.5738,12.0,44463.0,Wisconsin
0.8989,1065.0,8419.0,18338.0,0.5518,0.575,21.0,45624.0,Wisconsin
0.7497,1085.0,3244.0,16490.0,0.4151,0.5697,17.0,35907.0,Wisconsin
0.9139,1150.0,6480.0,20256.0,0.5611,0.4207,19.0,45593.0,Wisconsin
0.7623,1085.0,2075.0,18758.0,0.4298,0.6506,16.0,37335.0,Wisconsin
0.6035,1359.0,33506.0,26993.0,0.892,0.5252,17.0,50967.0,Wisconsin
0.8896,1100.0,18322.0,20966.0,0.4735,0.5406,18.0,42795.0,Wisconsin
0.8757,1150.0,6124.0,18859.0,0.5896,0.3596,20.0,52288.0,Wisconsin
0.8624,1120.0,4730.0,18190.0,0.5664,0.6609,19.0,39418.0,Wisconsin
0.9016,1120.0,7103.0,18966.0,0.5545,0.5603,20.0,37415.0,Wisconsin
0.0395,1528.0,7645.0,70869.0,0.9552,0.5058,5.0,77677.0,California
0.6881,1328.0,37658.0,22590.0,0.8266,0.4217,14.0,56360.0,Indiana
0.6272,1358.0,368.0,47410.0,0.7162,0.4891,7.0,21263.0,New Mexico
0.7418,1236.0,632.0,19193.0,0.6628,0.6741,6.0,22310.0,Florida
0.5241,1296.0,435.0,39206.0,0.9055,0.6529,7.0,22595.0,California
0.8921,1104.0,13884.0,17425.0,0.5621,0.5707,22.0,37866.0,Florida
0.8298,1121.0,783.0,19056.0,0.653,0.5632,22.0,50446.0,Connecticut
0.8045,1153.0,506.0,20336.0,0.5642,0.4466,15.0,50446.0,Connecticut
0.7578,1154.0,2343.0,22106.0,0.5845,0.4942,21.0,50446.0,Connecticut
1.0,1000.0,298.0,24452.0,0.4074,0.6208,10.0,26905.0,Texas
0.8581,1215.0,1039.0,26591.0,0.5,0.4918,10.0,43364.0,Oregon
0.8477,1112.0,1524.0,20297.0,0.652,0.5203,25.0,50446.0,Connecticut
0.9767,1120.0,137.0,22496.0,0.625,0.3212,5.0,49064.0,Texas
0.7328,1195.0,5136.0,22681.0,0.5019,0.6579,16.0,43735.0,Georgia
0.9939,1066.0,6745.0,15986.0,0.2195,0.5617,18.0,44969.0,Georgia
0.8116,1139.0,16515.0,17196.0,0.3608,0.5646,18.0,39021.0,Georgia
0.5457,1295.0,1337.0,19911.0,0.5561,0.1668,18.0,58885.0,Florida
0.8992,958.0,3298.0,16966.0,0.3692,0.678,14.0,43931.0,Texas
0.8159,1150.0,37743.0,24858.0,0.4858,0.4983,22.0,44693.0,Georgia
0.6035,1197.0,770.0,46899.0,0.7005,0.5026,9.0,35595.0,Tennessee
0.7636,1098.0,6396.0,15347.0,0.4028,0.5686,15.0,54311.0,Indiana
0.9226,1260.0,72229.0,34174.0,0.7228,0.4625,15.0,51495.0,Pennsylvania
