id,trans_date,house_age,dist_MRT,num_stores,lat,long,price,X,Y,Xs,Ys
1,2012.916667,32,84.87882,10,24.98298,121.54024,37.9,304539.8563,2764000.999,0.688463307,1.547816263
2,2012.916667,19.5,306.5947,9,24.98034,121.53951,42.2,304467.3207,2763708.287,0.615927751,1.25510411
3,2013.583333,13.3,561.9845,5,24.98746,121.54391,47.3,304908.378,2764498.706,1.056985065,2.045523214
4,2013.5,13.3,561.9845,5,24.98746,121.54391,54.8,304908.378,2764498.706,1.056985065,2.045523214
5,2012.833333,5,390.5684,5,24.97937,121.54245,43.1,304764.5697,2763602.029,0.913176694,1.148845892
6,2012.666667,7.1,2175.03,3,24.96305,121.51254,32.1,301751.6943,2761782.616,-2.09969863,-0.670567168
7,2012.666667,34.5,623.4731,7,24.97933,121.53642,40.3,304155.7999,2763595.178,0.304406966,1.141994791
8,2013.416667,20.3,287.6025,6,24.98042,121.54228,46.7,304746.9416,2763718.263,0.895548668,1.265080241
9,2013.5,31.7,5512.038,1,24.95095,121.48458,18.8,298933.2821,2760432.007,-4.918110841,-2.021176372
10,2013.416667,17.9,1783.18,3,24.96731,121.51486,22.1,301984.1616,2762255.358,-1.867231404,-0.197825303
11,2013.083333,34.8,405.2134,1,24.97349,121.53372,41.4,303885.753,2762947.238,0.034360079,0.494054653
12,2013.333333,6.3,90.45606,9,24.97433,121.5431,58.1,304832.428,2763044.038,0.981035017,0.590854396
13,2012.916667,13,492.2313,5,24.96515,121.53737,39.3,304257.9309,2762024.916,0.406537968,-0.428267023
14,2012.666667,20.4,2469.645,4,24.96108,121.51046,23.8,301542.4914,2761563.619,-2.308901552,-0.889563749
15,2013.5,13.2,1164.838,4,24.99156,121.53406,34.3,303912.2014,2764948.89,0.060808413,2.495707217
16,2013.583333,35.7,579.2083,2,24.9824,121.54619,50.5,305140.8081,2763939.161,1.289415138,1.485978068
17,2013.25,0,292.9978,6,24.97744,121.54458,70.1,304980.472,2763389.115,1.12907908,0.935931441
18,2012.75,17.7,350.8515,1,24.97544,121.53119,37.4,303629.4674,2763162.226,-0.221925514,0.709043197
19,2013.416667,16.9,368.1363,8,24.9675,121.54451,42.3,304977.8223,2762288.086,1.126429364,-0.165097451
20,2012.666667,1.5,23.38284,7,24.96772,121.54102,47.7,304625.3418,2762311.045,0.773948793,-0.142138341
21,2013.416667,4.5,2275.877,3,24.96314,121.51151,29.3,301647.6548,2761792.192,-2.20373815,-0.660990653
22,2013.416667,10.5,279.1726,7,24.97528,121.54541,51.6,305065.2317,2763150.199,1.213838708,0.697016257
23,2012.916667,14.7,1360.139,1,24.95204,121.54842,24.6,305379.5299,2760577.256,1.528136983,-1.875927201
24,2013.083333,10.1,279.1726,7,24.97528,121.54541,47.9,305065.2317,2763150.199,1.213838708,0.697016257
25,2013,39.6,480.6977,4,24.97353,121.53885,38.8,304403.6834,2762953.715,0.552290417,0.500532101
26,2013.083333,29.3,1487.868,2,24.97542,121.51726,27,302223.0642,2763154.578,-1.628328731,0.701394547
27,2012.666667,3.1,383.8624,5,24.98085,121.54391,56.2,304911.3137,2763766.551,1.059920764,1.313367848
28,2013.25,10.4,276.449,5,24.95593,121.53913,33.6,304439.6958,2761004.373,0.588302805,-1.448810162
29,2013.5,19.2,557.478,4,24.97419,121.53797,47,304314.5448,2763026.467,0.463151846,0.573284215
30,2013.083333,7.1,451.2438,5,24.97563,121.54694,57.1,305219.549,2763189.589,1.368156074,0.736405667
31,2013.5,25.9,4519.69,0,24.94826,121.49587,22.1,300074.4615,2760138.167,-3.776931452,-2.315015826
32,2012.75,29.6,769.4034,7,24.98281,121.53408,25,303918.0367,2763979.707,0.066643737,1.526523739
33,2012.75,37.9,488.5727,1,24.97349,121.53451,34.2,303965.515,2762947.552,0.114122023,0.494368586
34,2013.25,16.5,323.655,6,24.97841,121.54281,49.3,304801.3406,2763495.84,0.949947632,1.04265713
35,2012.75,15.4,205.367,7,24.98419,121.54243,55.1,304760.4158,2764135.907,0.909022808,1.68272393
36,2013.5,13.9,4079.418,0,25.01459,121.51816,27.3,302297.3511,2767493.576,-1.554041907,5.04039324
37,2012.916667,14.7,1935.009,2,24.96386,121.51458,22.9,301957.3387,2761873.114,-1.894054214,-0.580068974
38,2013.166667,12,1360.139,1,24.95204,121.54842,25.3,305379.5299,2760577.256,1.528136983,-1.875927201
39,2012.666667,3.1,577.9615,6,24.97201,121.54722,47.7,305249.4355,2762788.735,1.398042587,0.335551455
40,2013.166667,16.2,289.3248,5,24.98203,121.54348,46.2,304867.3779,2763897.079,1.015984969,1.443896287
41,2013,13.6,4082.015,0,24.94155,121.50381,15.9,300879.0365,2759397.893,-2.972356485,-3.055290163
42,2013.5,16.8,4066.587,0,24.94297,121.50342,18.2,300839.0675,2759555.031,-3.012325466,-2.898151666
43,2013.416667,36.1,519.4617,5,24.96305,121.53758,34.7,304280.056,2761792.395,0.428663069,-0.660788382
44,2012.75,34.4,512.7871,6,24.98748,121.54301,34.1,304817.5113,2764500.558,0.966118335,2.047374458
45,2013.583333,2.7,533.4762,4,24.97445,121.54765,53.9,305291.7602,2763059.176,1.440367216,0.605992427
46,2013.083333,36.6,488.8193,8,24.97015,121.54494,38.3,305020.0607,2762581.786,1.168667751,0.128602957
47,2013.416667,21.7,463.9623,9,24.9703,121.54458,42,304983.6458,2762598.255,1.132252846,0.145071753
48,2013.583333,35.9,640.7391,3,24.97563,121.53715,61.5,304231.123,2763185.64,0.379730028,0.73245726
49,2013.416667,24.2,4605.749,0,24.94684,121.49578,13.4,300065.9469,2759980.85,-3.785446012,-2.472333482
50,2012.666667,29.4,4510.359,1,24.94925,121.49542,13.2,300028.6185,2760247.658,-3.822774509,-2.205525549
51,2013.416667,21.7,512.5487,4,24.974,121.53842,44.2,304360.0621,2763005.602,0.508669128,0.552419135
52,2013.083333,31.3,1758.406,1,24.95402,121.55282,20.7,305822.9587,2760798.371,1.97156578,-1.654812191
53,2013.583333,32.1,1438.579,3,24.97419,121.5175,27,302247.8149,2763018.43,-1.603578105,0.565246772
54,2013.083333,13.3,492.2313,5,24.96515,121.53737,38.9,304257.9309,2762024.916,0.406537968,-0.428267023
55,2013.083333,16.1,289.3248,5,24.98203,121.54348,51.7,304867.3779,2763897.079,1.015984969,1.443896287
56,2012.833333,31.7,1160.632,0,24.94968,121.53009,13.7,303529.5493,2760308.503,-0.32184365,-2.144680122
57,2013.416667,33.6,371.2495,8,24.97254,121.54059,41.9,304579.7985,2762844.757,0.728405492,0.39157385
58,2012.916667,3.5,56.47425,7,24.95744,121.53711,53.5,304235.0569,2761170.819,0.383663944,-1.282364356
59,2013.5,30.3,4510.359,1,24.94925,121.49542,22.6,300028.6185,2760247.658,-3.822774509,-2.205525549
60,2013.083333,13.3,336.0532,5,24.95776,121.53438,42.4,303959.2486,2761205.176,0.107855601,-1.248007436
61,2013.416667,11,1931.207,2,24.96365,121.51471,21.3,301970.5533,2761849.903,-1.880839643,-0.603279687
62,2013.5,5.3,259.6607,6,24.97585,121.54516,63.2,305039.7372,2763213.234,1.188344268,0.760050704
63,2012.916667,17.2,2175.877,3,24.96303,121.51254,27.7,301751.7027,2761780.401,-2.099690266,-0.672782451
64,2013.583333,2.6,533.4762,4,24.97445,121.54765,55,305291.7602,2763059.176,1.440367216,0.605992427
65,2013.333333,17.5,995.7554,0,24.96305,121.54915,25.3,305448.3149,2761797.071,1.596921904,-0.656112447
66,2013.416667,40.1,123.7429,8,24.97635,121.54329,44.3,304850.7153,2763267.859,0.999322335,0.814675815
67,2013,1,193.5845,6,24.96571,121.54089,50.7,304613.1029,2762088.356,0.76170995,-0.364827324
68,2013.5,8.5,104.8101,5,24.96674,121.54067,56.8,304590.4349,2762202.355,0.739041928,-0.250828382
69,2013.416667,30.4,464.223,6,24.97964,121.53805,36.2,304320.2281,2763630.167,0.468835187,1.17698347
70,2012.833333,12.5,561.9845,5,24.98746,121.54391,42,304908.378,2764498.706,1.056985065,2.045523214
71,2013.583333,6.6,90.45606,9,24.97433,121.5431,59,304832.428,2763044.038,0.981035017,0.590854396
72,2013.083333,35.5,640.7391,3,24.97563,121.53715,40.8,304231.123,2763185.64,0.379730028,0.73245726
73,2013.583333,32.5,424.5442,8,24.97587,121.53913,36.3,304430.9237,2763213.017,0.579530715,0.759833571
74,2013.166667,13.8,4082.015,0,24.94155,121.50381,20,300879.0365,2759397.893,-2.972356485,-3.055290163
75,2012.916667,6.8,379.5575,10,24.98343,121.53762,54.4,304275.1519,2764049.793,0.42375898,1.59660956
76,2013.5,12.3,1360.139,1,24.95204,121.54842,29.5,305379.5299,2760577.256,1.528136983,-1.875927201
77,2013.583333,35.9,616.4004,3,24.97723,121.53767,36.8,304282.9214,2763363.072,0.43152842,0.909888577
78,2012.833333,20.5,2185.128,3,24.96322,121.51237,25.6,301734.4579,2761801.381,-2.11693507,-0.651802061
79,2012.916667,38.2,552.4371,2,24.97598,121.53381,29.8,303893.7549,2763223.077,0.042361921,0.769894118
80,2013,18,1414.837,1,24.95182,121.54887,26.5,305425.0704,2760553.071,1.573677429,-1.900111795
81,2013.5,11.8,533.4762,4,24.97445,121.54765,40.3,305291.7602,2763059.176,1.440367216,0.605992427
82,2013,30.8,377.7956,6,24.96427,121.53964,36.8,304487.5234,2761928.353,0.636130391,-0.524830501
83,2013.083333,13.2,150.9347,7,24.96725,121.54252,48.1,304777.0037,2762259.59,0.925610786,-0.193593158
84,2012.916667,25.3,2707.392,3,24.96056,121.50831,17.7,301325.6122,2761505.208,-2.525780778,-0.947975572
85,2013.083333,15.1,383.2805,7,24.96735,121.54464,43.7,304991.015,2762271.524,1.139622064,-0.181659474
86,2012.75,0,338.9679,9,24.96853,121.54413,50.8,304938.9966,2762402.019,1.087603599,-0.051163808
87,2012.833333,1.8,1455.798,1,24.9512,121.549,27,305438.4757,2760484.45,1.587082728,-1.968732654
88,2013.583333,16.9,4066.587,0,24.94297,121.50342,18.3,300839.0675,2759555.031,-3.012325466,-2.898151666
89,2012.916667,8.9,1406.43,0,24.98573,121.52758,48,303260.5593,2764300.572,-0.590833657,1.847388606
90,2013.5,23,3947.945,0,24.94783,121.50243,25.3,300737.0974,2760092.973,-3.114295576,-2.360209897
91,2012.833333,0,274.0144,1,24.9748,121.53059,45.4,303569.1669,2763091.1,-0.282226043,0.637916902
92,2013.25,9.1,1402.016,0,24.98569,121.5276,43.2,303262.5956,2764296.149,-0.588797335,1.842965874
93,2012.916667,20.6,2469.645,4,24.96108,121.51046,21.8,301542.4914,2761563.619,-2.308901552,-0.889563749
94,2012.916667,31.9,1146.329,0,24.9492,121.53076,16.1,303597.4163,2760255.6,-0.253976698,-2.197582686
95,2012.916667,40.9,167.5989,5,24.9663,121.54026,41,304549.2311,2762153.454,0.697838179,-0.299729595
96,2012.916667,8,104.8101,5,24.96674,121.54067,51.8,304590.4349,2762202.355,0.739041928,-0.250828382
97,2013.416667,6.4,90.45606,9,24.97433,121.5431,59.5,304832.428,2763044.038,0.981035017,0.590854396
98,2013.083333,28.4,617.4424,3,24.97746,121.53299,34.6,303810.3217,2763386.683,-0.041071218,0.933500236
99,2013.416667,16.4,289.3248,5,24.98203,121.54348,51,304867.3779,2763897.079,1.015984969,1.443896287
100,2013.416667,6.4,90.45606,9,24.97433,121.5431,62.2,304832.428,2763044.038,0.981035017,0.590854396
101,2013.5,17.5,964.7496,4,24.98872,121.53411,38.2,303918.4877,2764634.338,0.067094778,2.181155124
102,2012.833333,12.7,170.1289,1,24.97371,121.52984,32.9,303493.9158,2762970.071,-0.357477172,0.51688773
103,2013.083333,1.1,193.5845,6,24.96571,121.54089,54.4,304613.1029,2762088.356,0.76170995,-0.364827324
104,2012.75,0,208.3905,6,24.95618,121.53844,45.7,304369.9105,2761031.788,0.518517588,-1.42139553
105,2012.666667,32.7,392.4459,6,24.96398,121.5425,30.5,304776.4319,2761897.382,0.925038923,-0.555801196
106,2012.833333,0,292.9978,6,24.97744,121.54458,71,304980.472,2763389.115,1.12907908,0.935931441
107,2013.083333,17.2,189.5181,8,24.97707,121.54308,47.1,304829.194,2763347.525,0.977801066,0.894341514
108,2013.333333,12.2,1360.139,1,24.95204,121.54842,26.6,305379.5299,2760577.256,1.528136983,-1.875927201
109,2013.416667,31.4,592.5006,2,24.9726,121.53561,34.1,304076.965,2762849.409,0.225572049,0.396226038
110,2013.583333,4,2147.376,3,24.96299,121.51284,28.4,301782.0113,2761776.085,-2.069381689,-0.677098619
111,2013.083333,8.1,104.8101,5,24.96674,121.54067,51.6,304590.4349,2762202.355,0.739041928,-0.250828382
112,2013.583333,33.3,196.6172,7,24.97701,121.54224,39.4,304744.4128,2763340.54,0.893019835,0.887356454
113,2013.416667,9.9,2102.427,3,24.96044,121.51462,23.1,301962.8136,2761494.316,-1.888579397,-0.958867031
114,2013.333333,14.8,393.2606,6,24.96172,121.53812,7.6,304335.1654,2761645.294,0.48377244,-0.807889033
115,2012.666667,30.6,143.8383,8,24.98155,121.54142,53.3,304659.6175,2763843.081,0.808224495,1.389897615
116,2013.083333,20.6,737.9161,2,24.98092,121.54739,46.4,305262.6184,2763775.718,1.411225411,1.322534455
117,2013,30.9,6396.283,1,24.94375,121.47883,12.2,298355.4448,2759632.45,-5.495948147,-2.820733183
118,2013,13.6,4197.349,0,24.93885,121.50383,13,300882.1652,2759098.838,-2.969227739,-3.354344658
119,2013.5,25.3,1583.722,3,24.96622,121.51709,30.6,302209.7831,2762135.481,-1.641609848,-0.317702411
120,2013.5,16.6,289.3248,5,24.98203,121.54348,59.6,304867.3779,2763897.079,1.015984969,1.443896287
121,2013.166667,13.3,492.2313,5,24.96515,121.53737,31.3,304257.9309,2762024.916,0.406537968,-0.428267023
122,2013.5,13.6,492.2313,5,24.96515,121.53737,48,304257.9309,2762024.916,0.406537968,-0.428267023
123,2013.25,31.5,414.9476,4,24.98199,121.54464,32.5,304984.5066,2763893.119,1.133113596,1.439935363
124,2013.416667,0,185.4296,0,24.9711,121.5317,45.5,303682.842,2762681.71,-0.168550975,0.228526924
125,2012.916667,9.9,279.1726,7,24.97528,121.54541,57.4,305065.2317,2763150.199,1.213838708,0.697016257
126,2013.166667,1.1,193.5845,6,24.96571,121.54089,48.6,304613.1029,2762088.356,0.76170995,-0.364827324
127,2013.083333,38.6,804.6897,4,24.97838,121.53477,62.9,303989.6311,2763489.294,0.138238155,1.036110789
128,2013.25,3.8,383.8624,5,24.98085,121.54391,55,304911.3137,2763766.551,1.059920764,1.313367848
129,2013.083333,41.3,124.9912,6,24.96674,121.54039,60.7,304562.1633,2762202.242,0.71077031,-0.250940963
130,2013.416667,38.5,216.8329,7,24.98086,121.54162,41,304680.1142,2763766.734,0.828721218,1.313550546
131,2013.25,29.6,535.527,8,24.98092,121.53653,37.5,304166.209,2763771.338,0.314816059,1.318154512
132,2013.5,4,2147.376,3,24.96299,121.51284,30.7,301782.0113,2761776.085,-2.069381689,-0.677098619
133,2013.166667,26.6,482.7581,5,24.97433,121.53863,37.5,304381.1195,2763042.239,0.529726507,0.589055593
134,2012.833333,18,373.3937,8,24.9866,121.54082,39.5,304596.8126,2764402.201,0.745419601,1.949018078
135,2012.666667,33.4,186.9686,6,24.96604,121.54211,42.2,304736.1414,2762125.4,0.884748489,-0.327783634
136,2012.916667,18.9,1009.235,0,24.96357,121.54951,20.8,305484.4321,2761854.815,1.633039103,-0.598367784
137,2012.75,11.4,390.5684,5,24.97937,121.54245,46.8,304764.5697,2763602.029,0.913176694,1.148845892
138,2013.5,13.6,319.0708,6,24.96495,121.54277,47.4,304803.2648,2762004.932,0.951871869,-0.448250654
139,2013.166667,10,942.4664,0,24.97843,121.52406,43.5,302908.3234,2763490.613,-0.94306959,1.037429877
140,2012.666667,12.9,492.2313,5,24.96515,121.53737,42.5,304257.9309,2762024.916,0.406537968,-0.428267023
141,2013.25,16.2,289.3248,5,24.98203,121.54348,51.4,304867.3779,2763897.079,1.015984969,1.443896287
142,2013.333333,5.1,1559.827,3,24.97213,121.51627,28.9,302124.4975,2762789.782,-1.726895447,0.336599243
143,2013.416667,19.8,640.6071,5,24.97017,121.54647,37.5,305174.5318,2762584.623,1.323138856,0.131439381
144,2013.5,13.6,492.2313,5,24.96515,121.53737,40.1,304257.9309,2762024.916,0.406537968,-0.428267023
145,2013.083333,11.9,1360.139,1,24.95204,121.54842,28.4,305379.5299,2760577.256,1.528136983,-1.875927201
146,2012.916667,2.1,451.2438,5,24.97563,121.54694,45.5,305219.549,2763189.589,1.368156074,0.736405667
147,2012.75,0,185.4296,0,24.9711,121.5317,52.2,303682.842,2762681.71,-0.168550975,0.228526924
148,2012.75,3.2,489.8821,8,24.97017,121.54494,43.2,305020.0518,2762584.001,1.168658856,0.130818249
149,2013.5,16.4,3780.59,0,24.93293,121.51203,45.1,301712.7741,2758446.213,-2.138618833,-4.00697029
150,2012.666667,34.9,179.4538,8,24.97349,121.54245,39.7,304767.1734,2762950.733,0.915780411,0.497549606
151,2013.25,35.8,170.7311,7,24.96719,121.54269,48.5,304794.1952,2762253.013,0.942802201,-0.200170414
152,2013.5,4.9,387.7721,9,24.98118,121.53788,44.7,304302.3887,2763800.676,0.45099579,1.347493022
153,2013.333333,12,1360.139,1,24.95204,121.54842,28.9,305379.5299,2760577.256,1.528136983,-1.875927201
154,2013.25,6.5,376.1709,6,24.95418,121.53713,40.9,304238.5047,2760809.735,0.387111786,-1.643448011
155,2013.5,16.9,4066.587,0,24.94297,121.50342,20.7,300839.0675,2759555.031,-3.012325466,-2.898151666
156,2013.166667,13.8,4082.015,0,24.94155,121.50381,15.6,300879.0365,2759397.893,-2.972356485,-3.055290163
157,2013.583333,30.7,1264.73,0,24.94883,121.52954,18.3,303474.3752,2760214.137,-0.377017724,-2.239046275
158,2013.25,16.1,815.9314,4,24.97886,121.53464,35.6,303976.2967,2763542.409,0.124903785,1.089226079
159,2013,11.6,390.5684,5,24.97937,121.54245,39.4,304764.5697,2763602.029,0.913176694,1.148845892
160,2012.666667,15.5,815.9314,4,24.97886,121.53464,37.4,303976.2967,2763542.409,0.124903785,1.089226079
161,2012.916667,3.5,49.66105,8,24.95836,121.53756,57.8,304280.0934,2761272.902,0.428700442,-1.180281344
162,2013.416667,19.2,616.4004,3,24.97723,121.53767,39.6,304282.9214,2763363.072,0.43152842,0.909888577
163,2012.75,16,4066.587,0,24.94297,121.50342,11.6,300839.0675,2759555.031,-3.012325466,-2.898151666
164,2013.5,8.5,104.8101,5,24.96674,121.54067,55.5,304590.4349,2762202.355,0.739041928,-0.250828382
165,2012.833333,0,185.4296,0,24.9711,121.5317,55.2,303682.842,2762681.71,-0.168550975,0.228526924
166,2012.916667,13.7,1236.564,1,24.97694,121.55391,30.6,305922.6682,2763337.545,2.071275259,0.884362105
167,2013.416667,0,292.9978,6,24.97744,121.54458,73.6,304980.472,2763389.115,1.12907908,0.935931441
168,2013.416667,28.2,330.0854,8,24.97408,121.54011,43.4,304530.6562,2763015.142,0.67926323,0.56195837
169,2013.083333,27.6,515.1122,5,24.96299,121.5432,37.4,304847.5513,2761788.008,0.996158335,-0.665175404
170,2013.416667,8.4,1962.628,1,24.95468,121.55481,23.5,306023.6114,2760872.295,2.172218483,-1.580888127
171,2013.333333,24,4527.687,0,24.94741,121.49628,14.4,300116.2092,2760044.169,-3.735183754,-2.409013785
172,2013.083333,3.6,383.8624,5,24.98085,121.54391,58.8,304911.3137,2763766.551,1.059920764,1.313367848
173,2013.583333,6.6,90.45606,9,24.97433,121.5431,58.1,304832.428,2763044.038,0.981035017,0.590854396
174,2013.083333,41.3,401.8807,4,24.98326,121.5446,35.1,304979.9035,2764033.774,1.128510562,1.580590436
175,2013.416667,4.3,432.0385,7,24.9805,121.53778,45.2,304292.5915,2763725.316,0.441198532,1.272133013
176,2013.083333,30.2,472.1745,3,24.97005,121.53758,36.5,304276.9853,2762567.746,0.425592379,0.114562918
177,2012.833333,13.9,4573.779,0,24.94867,121.49507,19.2,299993.5082,2760183.286,-3.85788471,-2.269897384
178,2013.083333,33,181.0766,9,24.97697,121.54262,42,304782.796,2763336.262,0.931403,0.883079239
179,2013.5,13.1,1144.436,4,24.99176,121.53456,36.7,303962.5889,2764971.242,0.111195956,2.518059048
180,2013.083333,14,438.8513,1,24.97493,121.5273,42.6,303236.9415,2763104.205,-0.614451456,0.651021497
181,2012.666667,26.9,4449.27,0,24.94898,121.49621,15.5,300108.505,2760218.043,-3.742887998,-2.235140549
182,2013.166667,11.6,201.8939,8,24.98489,121.54121,55.9,304636.9403,2764212.95,0.785547341,1.759767318
183,2013.5,13.5,2147.376,3,24.96299,121.51284,23.6,301782.0113,2761776.085,-2.069381689,-0.677098619
184,2013.5,17,4082.015,0,24.94155,121.50381,18.8,300879.0365,2759397.893,-2.972356485,-3.055290163
185,2012.75,14.1,2615.465,0,24.95495,121.56174,21.8,306723.2798,2760905.078,2.871886856,-1.548104824
186,2012.75,31.4,1447.286,3,24.97285,121.5173,21.5,302228.1879,2762869.929,-1.623205064,0.416745565
187,2013.166667,20.9,2185.128,3,24.96322,121.51237,25.7,301734.4579,2761801.381,-2.11693507,-0.651802061
188,2013,8.9,3078.176,0,24.95464,121.56627,22,307180.8621,2760872.641,3.329469178,-1.580541997
189,2012.916667,34.8,190.0392,8,24.97707,121.54312,44.3,304833.2325,2763347.541,0.981839533,0.894357678
190,2012.916667,16.3,4066.587,0,24.94297,121.50342,20.5,300839.0675,2759555.031,-3.012325466,-2.898151666
191,2013.5,35.3,616.5735,8,24.97945,121.53642,42.3,304155.7474,2763608.47,0.304354414,1.155286549
192,2013.166667,13.2,750.0704,2,24.97371,121.54951,37.8,305479.8849,2762977.969,1.628491906,0.524785706
193,2013.166667,43.8,57.58945,7,24.9675,121.54069,42.7,304592.119,2762286.544,0.740726004,-0.166639305
194,2013.416667,9.7,421.479,5,24.98246,121.54477,49.3,304997.422,2763945.231,1.146029036,1.492047511
195,2013.5,15.2,3771.895,0,24.93363,121.51158,29.3,301667.0335,2758523.576,-2.184359485,-3.92960686
196,2013.333333,15.2,461.1016,5,24.95425,121.5399,34.6,304518.1893,2760818.598,0.666796364,-1.634585316
197,2013,22.8,707.9067,2,24.981,121.54713,36.6,305236.3334,2763784.473,1.384940449,1.331289753
198,2013.25,34.4,126.7286,8,24.96881,121.54089,48.2,304611.7346,2762431.726,0.760341662,-0.02145731
199,2013.083333,34,157.6052,7,24.96628,121.54196,39.1,304720.8897,2762151.923,0.869496754,-0.301260628
200,2013.416667,18.2,451.6419,8,24.96945,121.5449,31.6,305016.3333,2762504.235,1.164940346,0.051051518
201,2013.416667,17.4,995.7554,0,24.96305,121.54915,25.5,305448.3149,2761797.071,1.596921904,-0.656112447
202,2013.416667,13.1,561.9845,5,24.98746,121.54391,45.9,304908.378,2764498.706,1.056985065,2.045523214
203,2012.916667,38.3,642.6985,3,24.97559,121.53713,31.5,304229.1213,2763181.202,0.377728311,0.728018683
204,2012.666667,15.6,289.3248,5,24.98203,121.54348,46.1,304867.3779,2763897.079,1.015984969,1.443896287
205,2013,18,1414.837,1,24.95182,121.54887,26.6,305425.0704,2760553.071,1.573677429,-1.900111795
206,2013.083333,12.8,1449.722,3,24.97289,121.51728,21.4,302226.1517,2762874.352,-1.625241249,0.421168441
207,2013.25,22.2,379.5575,10,24.98343,121.53762,44,304275.1519,2764049.793,0.42375898,1.59660956
208,2013.083333,38.5,665.0636,3,24.97503,121.53692,34.2,304208.1645,2763119.09,0.356771557,0.665906601
209,2012.75,11.5,1360.139,1,24.95204,121.54842,26.2,305379.5299,2760577.256,1.528136983,-1.875927201
210,2012.833333,34.8,175.6294,8,24.97347,121.54271,40.9,304793.433,2762948.622,0.94204006,0.495439271
211,2013.5,5.2,390.5684,5,24.97937,121.54245,52.2,304764.5697,2763602.029,0.913176694,1.148845892
212,2013.083333,0,274.0144,1,24.9748,121.53059,43.5,303569.1669,2763091.1,-0.282226043,0.637916902
213,2013.333333,17.6,1805.665,2,24.98672,121.52091,31.1,302586.7724,2764407.626,-1.26462055,1.954443027
214,2013.083333,6.2,90.45606,9,24.97433,121.5431,58,304832.428,2763044.038,0.981035017,0.590854396
215,2013.583333,18.1,1783.18,3,24.96731,121.51486,20.9,301984.1616,2762255.358,-1.867231404,-0.197825303
216,2013.333333,19.2,383.7129,8,24.972,121.54477,48.1,305002.0737,2762786.632,1.15068077,0.333448603
217,2013.25,37.8,590.9292,1,24.97153,121.53559,39.7,304075.4134,2762730.883,0.224020481,0.277700022
218,2012.916667,28,372.6242,6,24.97838,121.54119,40.8,304637.7977,2763491.864,0.786404789,1.038680828
219,2013.416667,13.6,492.2313,5,24.96515,121.53737,43.8,304257.9309,2762024.916,0.406537968,-0.428267023
220,2012.75,29.3,529.7771,8,24.98102,121.53655,40.2,304168.1844,2763782.422,0.316791421,1.329238965
221,2013.333333,37.2,186.5101,9,24.97703,121.54265,78.3,304785.7982,2763342.92,0.934405273,0.889737233
222,2013.333333,9,1402.016,0,24.98569,121.5276,38.5,303262.5956,2764296.149,-0.588797335,1.842965874
223,2013.583333,30.6,431.1114,10,24.98123,121.53743,48.5,304256.9356,2763806.034,0.40554264,1.352851207
224,2013.25,9.1,1402.016,0,24.98569,121.5276,42.3,303262.5956,2764296.149,-0.588797335,1.842965874
225,2013.333333,34.5,324.9419,6,24.97814,121.5417,46,304689.3938,2763465.486,0.838000815,1.012302779
226,2013.25,1.1,193.5845,6,24.96571,121.54089,49,304613.1029,2762088.356,0.76170995,-0.364827324
227,2013,16.5,4082.015,0,24.94155,121.50381,12.8,300879.0365,2759397.893,-2.972356485,-3.055290163
228,2012.916667,32.4,265.0609,8,24.98059,121.53986,40.2,304502.5462,2763736.119,0.651153195,1.282935849
229,2013.416667,11.9,3171.329,0,25.00115,121.51776,46.6,302262.6659,2766004.742,-1.588727046,3.551559289
230,2013.583333,31,1156.412,0,24.9489,121.53095,19,303616.7332,2760222.446,-0.234659794,-2.230736938
231,2013.5,4,2147.376,3,24.96299,121.51284,33.4,301782.0113,2761776.085,-2.069381689,-0.677098619
232,2012.833333,16.2,4074.736,0,24.94235,121.50357,14.7,300854.4704,2759486.414,-2.996922567,-2.96676904
233,2012.916667,27.1,4412.765,1,24.95032,121.49587,17.4,300073.6285,2760366.341,-3.77776445,-2.086842511
234,2013.333333,39.7,333.3679,9,24.98016,121.53932,32.4,304448.2178,2763688.273,0.596824808,1.235090197
235,2013.25,8,2216.612,4,24.96007,121.51361,23.9,301860.9839,2761452.947,-1.99040904,-1.000235928
236,2012.75,12.9,250.631,7,24.96606,121.54297,39.3,304822.9674,2762127.962,0.971574392,-0.325221278
237,2013.166667,3.6,373.8389,10,24.98322,121.53765,61.9,304278.2728,2764026.544,0.426879863,1.573360972
238,2013.166667,13,732.8528,0,24.97668,121.52518,39,303022.1492,2763297.212,-0.829243722,0.844029241
239,2013.083333,12.8,732.8528,0,24.97668,121.52518,40.6,303022.1492,2763297.212,-0.829243722,0.844029241
240,2013.5,18.1,837.7233,0,24.96334,121.54767,29.7,305298.745,2761828.589,1.44735204,-0.624594416
241,2013.083333,11,1712.632,2,24.96412,121.5167,28.8,302171.2901,2761902.726,-1.680102865,-0.550457203
242,2013.5,13.7,250.631,7,24.96606,121.54297,41.4,304822.9674,2762127.962,0.971574392,-0.325221278
243,2012.833333,2,2077.39,3,24.96357,121.51329,33.4,301827.2061,2761840.499,-2.024186815,-0.612683694
244,2013.416667,32.8,204.1705,8,24.98236,121.53923,48.2,304438.1629,2763931.92,0.586769917,1.478736437
245,2013.083333,4.8,1559.827,3,24.97213,121.51627,21.7,302124.4975,2762789.782,-1.726895447,0.336599243
246,2013.416667,7.5,639.6198,5,24.97258,121.54814,40.8,305342.0691,2762852.245,1.49067615,0.399062187
247,2013.416667,16.4,389.8219,6,24.96412,121.54273,40.6,304799.5935,2761912.982,0.948200564,-0.54020134
248,2013.333333,21.7,1055.067,0,24.96211,121.54928,23.1,305461.8626,2761693.005,1.610469679,-0.760178021
249,2013,19,1009.235,0,24.96357,121.54951,22.3,305484.4321,2761854.815,1.633039103,-0.598367784
250,2012.833333,18,6306.153,1,24.95743,121.47516,15,297979.5173,2761146.394,-5.871875701,-1.306789176
251,2013.166667,39.2,424.7132,7,24.97429,121.53917,30,304435.6575,2763038.025,0.584264591,0.584841524
252,2012.916667,31.7,1159.454,0,24.9496,121.53018,13.8,303538.6724,2760299.677,-0.312720513,-2.153505779
253,2012.833333,5.9,90.45606,9,24.97433,121.5431,52.7,304832.428,2763044.038,0.981035017,0.590854396
254,2012.666667,30.4,1735.595,2,24.96464,121.51623,25.9,302123.6142,2761960.143,-1.727778711,-0.493040371
255,2012.666667,1.1,329.9747,5,24.98254,121.54395,51.8,304914.6015,2763953.76,1.063208542,1.5005765
256,2013.416667,31.5,5512.038,1,24.95095,121.48458,17.4,298933.2821,2760432.007,-4.918110841,-2.021176372
257,2012.666667,14.6,339.2289,1,24.97519,121.53151,26.5,303661.884,2763134.662,-0.189508933,0.681478576
258,2013.25,17.3,444.1334,1,24.97501,121.5273,43.9,303236.9071,2763113.066,-0.61448589,0.659882655
259,2013.416667,0,292.9978,6,24.97744,121.54458,63.3,304980.472,2763389.115,1.12907908,0.935931441
260,2013.083333,17.7,837.7233,0,24.96334,121.54767,28.8,305298.745,2761828.589,1.44735204,-0.624594416
261,2013.25,17,1485.097,4,24.97073,121.517,30.7,302198.793,2762634.993,-1.652599963,0.181809799
262,2013.166667,16.2,2288.011,3,24.95885,121.51359,24.4,301859.4756,2761317.807,-1.991917389,-1.135375759
263,2012.916667,15.9,289.3248,5,24.98203,121.54348,53,304867.3779,2763897.079,1.015984969,1.443896287
264,2013.416667,3.9,2147.376,3,24.96299,121.51284,31.7,301782.0113,2761776.085,-2.069381689,-0.677098619
265,2013.166667,32.6,493.657,7,24.96968,121.54522,40.6,305048.5407,2762529.84,1.197147735,0.076657131
266,2012.833333,15.7,815.9314,4,24.97886,121.53464,38.1,303976.2967,2763542.409,0.124903785,1.089226079
267,2013.25,17.8,1783.18,3,24.96731,121.51486,23.7,301984.1616,2762255.358,-1.867231404,-0.197825303
268,2012.833333,34.7,482.7581,5,24.97433,121.53863,41.1,304381.1195,2763042.239,0.529726507,0.589055593
269,2013.416667,17.2,390.5684,5,24.97937,121.54245,40.1,304764.5697,2763602.029,0.913176694,1.148845892
270,2013,17.6,837.7233,0,24.96334,121.54767,23,305298.745,2761828.589,1.44735204,-0.624594416
271,2013.333333,10.8,252.5822,1,24.9746,121.53046,117.5,303556.1283,2763068.896,-0.295264683,0.615712686
272,2012.916667,17.7,451.6419,8,24.96945,121.5449,26.5,305016.3333,2762504.235,1.164940346,0.051051518
273,2012.75,13,492.2313,5,24.96515,121.53737,40.5,304257.9309,2762024.916,0.406537968,-0.428267023
274,2013.416667,13.2,170.1289,1,24.97371,121.52984,29.3,303493.9158,2762970.071,-0.357477172,0.51688773
275,2013.166667,27.5,394.0173,7,24.97305,121.53994,41,304513.9462,2762900.986,0.662553272,0.447802525
276,2012.666667,1.5,23.38284,7,24.96772,121.54102,49.7,304625.3418,2762311.045,0.773948793,-0.142138341
277,2013,19.1,461.1016,5,24.95425,121.5399,34,304518.1893,2760818.598,0.666796364,-1.634585316
278,2013.416667,21.2,2185.128,3,24.96322,121.51237,27.7,301734.4579,2761801.381,-2.11693507,-0.651802061
279,2012.75,0,208.3905,6,24.95618,121.53844,44,304369.9105,2761031.788,0.518517588,-1.42139553
280,2013.416667,2.6,1554.25,3,24.97026,121.51642,31.1,302140.4305,2762582.711,-1.710962477,0.129527631
281,2013.25,2.3,184.3302,6,24.96581,121.54086,45.4,304610.0296,2762099.42,0.758636689,-0.353762944
282,2013.333333,4.7,387.7721,9,24.98118,121.53788,44.8,304302.3887,2763800.676,0.45099579,1.347493022
283,2012.916667,2,1455.798,1,24.9512,121.549,25.6,305438.4757,2760484.45,1.587082728,-1.968732654
284,2013.416667,33.5,1978.671,2,24.98674,121.51844,23.5,302337.4087,2764408.886,-1.51398424,1.955702947
285,2012.916667,15,383.2805,7,24.96735,121.54464,34.4,304991.015,2762271.524,1.139622064,-0.181659474
286,2013.166667,30.1,718.2937,3,24.97509,121.53644,55.3,304159.6759,2763125.544,0.308282921,0.672360806
287,2012.916667,5.9,90.45606,9,24.97433,121.5431,56.3,304832.428,2763044.038,0.981035017,0.590854396
288,2013,19.2,461.1016,5,24.95425,121.5399,32.9,304518.1893,2760818.598,0.666796364,-1.634585316
289,2013.583333,16.6,323.6912,6,24.97841,121.5428,51,304800.331,2763495.836,0.948938026,1.042653091
290,2013.333333,13.9,289.3248,5,24.98203,121.54348,44.5,304867.3779,2763897.079,1.015984969,1.443896287
291,2013.083333,37.7,490.3446,0,24.97217,121.53471,37,303986.284,2762801.422,0.13489101,0.348238957
292,2012.833333,3.4,56.47425,7,24.95744,121.53711,54.4,304235.0569,2761170.819,0.383663944,-1.282364356
293,2013.083333,17.5,395.6747,5,24.95674,121.534,24.5,303921.3215,2761092.045,0.069928526,-1.361137972
294,2012.666667,12.6,383.2805,7,24.96735,121.54464,42.5,304991.015,2762271.524,1.139622064,-0.181659474
295,2013.5,26.4,335.5273,6,24.9796,121.5414,38.1,304658.4602,2763627.081,0.807067276,1.173898346
296,2013.166667,18.2,2179.59,3,24.96299,121.51252,21.8,301749.7,2761775.963,-2.101692995,-0.67722064
297,2012.75,12.5,1144.436,4,24.99176,121.53456,34.1,303962.5889,2764971.242,0.111195956,2.518059048
298,2012.833333,34.9,567.0349,4,24.97003,121.5458,28.5,305106.9461,2762568.843,1.25555311,0.115660121
299,2013.333333,16.7,4082.015,0,24.94155,121.50381,16.7,300879.0365,2759397.893,-2.972356485,-3.055290163
300,2013.166667,33.2,121.7262,10,24.98178,121.54059,46.1,304575.7208,2763868.222,0.724327856,1.41503934
301,2013.083333,2.5,156.2442,4,24.96696,121.53992,36.9,304514.6104,2762226.422,0.663217453,-0.226761618
302,2012.75,38,461.7848,0,24.97229,121.53445,35.7,303959.9806,2762814.61,0.108587617,0.361427293
303,2013.5,16.5,2288.011,3,24.95885,121.51359,23.2,301859.4756,2761317.807,-1.991917389,-1.135375759
304,2013.5,38.3,439.7105,0,24.97161,121.53423,38.4,303938.0647,2762739.203,0.086671711,0.286019967
305,2013.416667,20,1626.083,3,24.96622,121.51668,29.4,302168.3853,2762135.323,-1.683007646,-0.317860048
306,2013.083333,16.2,289.3248,5,24.98203,121.54348,55,304867.3779,2763897.079,1.015984969,1.443896287
307,2013.5,14.4,169.9803,1,24.97369,121.52979,50.2,303488.8762,2762967.836,-0.362516737,0.514652731
308,2012.833333,10.3,3079.89,0,24.9546,121.56627,24.7,307180.8806,2760868.211,3.329487653,-1.584972583
309,2013.416667,16.4,289.3248,5,24.98203,121.54348,53,304867.3779,2763897.079,1.015984969,1.443896287
310,2013.25,30.3,1264.73,0,24.94883,121.52954,19.1,303474.3752,2760214.137,-0.377017724,-2.239046275
311,2013.583333,16.4,1643.499,2,24.95394,121.55174,24.7,305713.9357,2760789.066,1.862542765,-1.664116866
312,2013.166667,21.3,537.7971,4,24.97425,121.53814,42.2,304331.6823,2763033.181,0.480289363,0.579998146
313,2013.583333,35.4,318.5292,9,24.97071,121.54069,78,304590.7025,2762642.098,0.73930959,0.188914887
314,2013.333333,8.3,104.8101,5,24.96674,121.54067,42.8,304590.4349,2762202.355,0.739041928,-0.250828382
315,2013.25,3.7,577.9615,6,24.97201,121.54722,41.6,305249.4355,2762788.735,1.398042587,0.335551455
316,2013.083333,15.6,1756.411,2,24.9832,121.51812,27.3,302306.6013,2764016.656,-1.544791651,1.56347311
317,2013.25,13.3,250.631,7,24.96606,121.54297,42,304822.9674,2762127.962,0.971574392,-0.325221278
318,2012.75,15.6,752.7669,2,24.97795,121.53451,37.5,303963.569,2763441.562,0.112176058,0.988378571
319,2013.333333,7.1,379.5575,10,24.98343,121.53762,49.8,304275.1519,2764049.793,0.42375898,1.59660956
320,2013.25,34.6,272.6783,5,24.95562,121.53872,26.9,304398.4306,2760969.872,0.54703769,-1.483311413
321,2012.75,13.5,4197.349,0,24.93885,121.50383,18.6,300882.1652,2759098.838,-2.969227739,-3.354344658
322,2012.916667,16.9,964.7496,4,24.98872,121.53411,37.7,303918.4877,2764634.338,0.067094778,2.181155124
323,2013,12.9,187.4823,1,24.97388,121.52981,33.1,303490.8133,2762988.889,-0.360579616,0.535705867
324,2013.416667,28.6,197.1338,6,24.97631,121.54436,42.5,304958.7627,2763263.861,1.107369722,0.810678195
325,2012.666667,12.4,1712.632,2,24.96412,121.5167,31.3,302171.2901,2761902.726,-1.680102865,-0.550457203
326,2013.083333,36.6,488.8193,8,24.97015,121.54494,38.1,305020.0607,2762581.786,1.168667751,0.128602957
327,2013.5,4.1,56.47425,7,24.95744,121.53711,62.1,304235.0569,2761170.819,0.383663944,-1.282364356
328,2013.416667,3.5,757.3377,3,24.97538,121.54971,36.7,305499.3284,2763163.028,1.647935465,0.709844595
329,2012.833333,15.9,1497.713,3,24.97003,121.51696,23.6,302195.0497,2762557.443,-1.656343293,0.104259411
330,2013,13.6,4197.349,0,24.93885,121.50383,19.2,300882.1652,2759098.838,-2.969227739,-3.354344658
331,2013.083333,32,1156.777,0,24.94935,121.53046,12.8,303567.0561,2760272.097,-0.284336865,-2.181086414
332,2013.333333,25.6,4519.69,0,24.94826,121.49587,15.6,300074.4615,2760138.167,-3.776931452,-2.315015826
333,2013.166667,39.8,617.7134,2,24.97577,121.53475,39.6,303988.7513,2763200.19,0.137358297,0.747007241
334,2012.75,7.8,104.8101,5,24.96674,121.54067,38.4,304590.4349,2762202.355,0.739041928,-0.250828382
335,2012.916667,30,1013.341,5,24.99006,121.5346,22.8,303967.3692,2764782.958,0.115976223,2.329774813
336,2013.583333,27.3,337.6016,6,24.96431,121.54063,36.5,304587.4681,2761933.181,0.736075101,-0.520002184
337,2012.833333,5.1,1867.233,2,24.98407,121.51748,35.6,302241.6216,2764112.775,-1.609771347,1.659591591
338,2012.833333,31.3,600.8604,5,24.96871,121.54651,30.9,305179.2217,2762422.922,1.327828719,-0.030260701
339,2012.916667,31.5,258.186,9,24.96867,121.54331,36.3,304856.1402,2762417.195,1.004747243,-0.035988435
340,2013.333333,1.7,329.9747,5,24.98254,121.54395,50.4,304914.6015,2763953.76,1.063208542,1.5005765
341,2013.333333,33.6,270.8895,0,24.97281,121.53265,42.9,303778.0167,2762871.493,-0.073376277,0.418310325
342,2013,13,750.0704,2,24.97371,121.54951,37,305479.8849,2762977.969,1.628491906,0.524785706
343,2012.666667,5.7,90.45606,9,24.97433,121.5431,53.5,304832.428,2763044.038,0.981035017,0.590854396
344,2013,33.5,563.2854,8,24.98223,121.53597,46.6,304109.099,2763916.216,0.257706071,1.463032762
345,2013.5,34.6,3085.17,0,24.998,121.5155,41.2,302035.8643,2765654.964,-1.815528619,3.201781079
346,2012.666667,0,185.4296,0,24.9711,121.5317,37.9,303682.842,2762681.71,-0.168550975,0.228526924
347,2013.416667,13.2,1712.632,2,24.96412,121.5167,30.8,302171.2901,2761902.726,-1.680102865,-0.550457203
348,2013.583333,17.4,6488.021,1,24.95719,121.47353,11.2,297815.0175,2761119.236,-6.036375492,-1.333947419
349,2012.833333,4.6,259.6607,6,24.97585,121.54516,53.7,305039.7372,2763213.234,1.188344268,0.760050704
350,2012.75,7.8,104.8101,5,24.96674,121.54067,47,304590.4349,2762202.355,0.739041928,-0.250828382
351,2013,13.2,492.2313,5,24.96515,121.53737,42.3,304257.9309,2762024.916,0.406537968,-0.428267023
352,2012.833333,4,2180.245,3,24.96324,121.51241,28.6,301738.4884,2761803.612,-2.112904525,-0.649571535
353,2012.833333,18.4,2674.961,3,24.96143,121.50827,25.7,301321.2124,2761601.557,-2.530180526,-0.851625966
354,2013.5,4.1,2147.376,3,24.96299,121.51284,31.3,301782.0113,2761776.085,-2.069381689,-0.677098619
355,2013.416667,12.2,1360.139,1,24.95204,121.54842,30.1,305379.5299,2760577.256,1.528136983,-1.875927201
356,2013.25,3.8,383.8624,5,24.98085,121.54391,60.7,304911.3137,2763766.551,1.059920764,1.313367848
357,2012.833333,10.3,211.4473,1,24.97417,121.52999,45.3,303508.8614,2763021.082,-0.342531527,0.567898535
358,2013.416667,0,338.9679,9,24.96853,121.54413,44.9,304938.9966,2762402.019,1.087603599,-0.051163808
359,2013.166667,1.1,193.5845,6,24.96571,121.54089,45.1,304613.1029,2762088.356,0.76170995,-0.364827324
360,2013.5,5.6,2408.993,0,24.95505,121.55964,24.7,306511.1764,2760915.279,2.659783408,-1.537903923
361,2012.666667,32.9,87.30222,10,24.983,121.54022,47.1,304537.8283,2764003.207,0.686435349,1.550023517
362,2013.083333,41.4,281.205,8,24.97345,121.54093,63.3,304613.7249,2762945.69,0.76233193,0.49250643
363,2013.416667,17.1,967.4,4,24.98872,121.53408,40,303915.4592,2764634.326,0.064066217,2.181143197
364,2013.5,32.3,109.9455,10,24.98182,121.54086,48,304602.9618,2763872.762,0.751568795,1.419578577
365,2013.416667,35.3,614.1394,7,24.97913,121.53666,33.1,304180.1179,2763573.121,0.32872493,1.119937683
366,2012.916667,17.3,2261.432,4,24.96182,121.51222,29.5,301719.8971,2761646.254,-2.131495891,-0.806928985
367,2012.75,14.2,1801.544,1,24.95153,121.55254,24.8,305795.8063,2760522.452,1.944413326,-1.930730733
368,2012.833333,15,1828.319,2,24.96464,121.51531,20.9,302030.7205,2761959.79,-1.820672506,-0.493393315
369,2013.416667,18.2,350.8515,1,24.97544,121.53119,43.1,303629.4674,2763162.226,-0.221925514,0.709043197
370,2012.666667,20.2,2185.128,3,24.96322,121.51237,22.8,301734.4579,2761801.381,-2.11693507,-0.651802061
371,2012.75,15.9,289.3248,5,24.98203,121.54348,42.1,304867.3779,2763897.079,1.015984969,1.443896287
372,2013.5,4.1,312.8963,5,24.95591,121.53956,51.7,304483.1255,2761002.33,0.631732522,-1.450852989
373,2013,33.9,157.6052,7,24.96628,121.54196,41.5,304720.8897,2762151.923,0.869496754,-0.301260628
374,2013.083333,0,274.0144,1,24.9748,121.53059,52.2,303569.1669,2763091.1,-0.282226043,0.637916902
375,2013.25,5.4,390.5684,5,24.97937,121.54245,49.5,304764.5697,2763602.029,0.913176694,1.148845892
376,2013.25,21.7,1157.988,0,24.96165,121.55011,23.8,305545.8775,2761642.393,1.694484506,-0.810790378
377,2013.416667,14.7,1717.193,2,24.96447,121.51649,30.5,302149.9385,2761941.413,-1.701454472,-0.511770426
378,2013.333333,3.9,49.66105,8,24.95836,121.53756,56.8,304280.0934,2761272.902,0.428700442,-1.180281344
379,2013.333333,37.3,587.8877,8,24.97077,121.54634,37.4,305161.1385,2762651.028,1.309745573,0.197845318
380,2013.333333,0,292.9978,6,24.97744,121.54458,69.7,304980.472,2763389.115,1.12907908,0.935931441
381,2013.333333,14.1,289.3248,5,24.98203,121.54348,53.3,304867.3779,2763897.079,1.015984969,1.443896287
382,2013.416667,8,132.5469,9,24.98298,121.53981,47.3,304496.4448,2764000.827,0.645051883,1.547643449
383,2013,16.3,3529.564,0,24.93207,121.51597,29.3,302111.0653,2758352.461,-1.74032761,-4.100722164
384,2012.666667,29.1,506.1144,4,24.97845,121.53889,40.3,304405.5577,2763498.693,0.554164712,1.045510098
385,2012.75,16.1,4066.587,0,24.94297,121.50342,12.9,300839.0675,2759555.031,-3.012325466,-2.898151666
386,2013,18.3,82.88643,10,24.983,121.54026,46.6,304541.8666,2764003.223,0.69047362,1.5500396
387,2012.833333,0,185.4296,0,24.9711,121.5317,55.3,303682.842,2762681.71,-0.168550975,0.228526924
388,2013.25,16.2,2103.555,3,24.96042,121.51462,25.6,301962.822,2761492.101,-1.888571,-0.961082313
389,2013.5,10.4,2251.938,4,24.95957,121.51353,27.3,301853.1154,2761397.535,-1.998277589,-1.055648532
390,2013.25,40.9,122.3619,8,24.96756,121.5423,67.7,304754.6532,2762293.838,0.903260273,-0.159344917
391,2013.5,32.8,377.8302,9,24.97151,121.5435,38.6,304874.0645,2762731.843,1.02267155,0.278659816
392,2013.583333,6.2,1939.749,1,24.95155,121.55387,31.3,305930.1041,2760525.215,2.078711166,-1.927968384
393,2013.083333,42.7,443.802,6,24.97927,121.53874,35.3,304390.0529,2763589.46,0.538659987,1.136276983
394,2013,16.9,967.4,4,24.98872,121.53408,40.3,303915.4592,2764634.326,0.064066217,2.181143197
395,2013.5,32.6,4136.271,1,24.95544,121.4963,24.7,300114.9788,2760933.61,-3.7364142,-1.519573241
396,2012.916667,21.2,512.5487,4,24.974,121.53842,42.5,304360.0621,2763005.602,0.508669128,0.552419135
397,2012.666667,37.1,918.6357,1,24.97198,121.55063,31.9,305593.7426,2762786.804,1.74234963,0.333621112
398,2013.416667,13.1,1164.838,4,24.99156,121.53406,32.2,303912.2014,2764948.89,0.060808413,2.495707217
399,2013.416667,14.7,1717.193,2,24.96447,121.51649,23,302149.9385,2761941.413,-1.701454472,-0.511770426
400,2012.916667,12.7,170.1289,1,24.97371,121.52984,37.3,303493.9158,2762970.071,-0.357477172,0.51688773
401,2013.25,26.8,482.7581,5,24.97433,121.53863,35.5,304381.1195,2763042.239,0.529726507,0.589055593
402,2013.083333,7.6,2175.03,3,24.96305,121.51254,27.7,301751.6943,2761782.616,-2.09969863,-0.670567168
403,2012.833333,12.7,187.4823,1,24.97388,121.52981,28.5,303490.8133,2762988.889,-0.360579616,0.535705867
404,2012.666667,30.9,161.942,9,24.98353,121.53966,39.7,304481.059,2764061.687,0.629666009,1.608503806
405,2013.333333,16.4,289.3248,5,24.98203,121.54348,41.2,304867.3779,2763897.079,1.015984969,1.443896287
406,2012.666667,23,130.9945,6,24.95663,121.53765,37.2,304289.9401,2761081.315,0.4385471,-1.371867668
407,2013.166667,1.9,372.1386,7,24.97293,121.54026,40.5,304546.3079,2762887.823,0.694914959,0.43463936
408,2013,5.2,2408.993,0,24.95505,121.55964,22.3,306511.1764,2760915.279,2.659783408,-1.537903923
409,2013.416667,18.5,2175.744,3,24.9633,121.51243,28.1,301740.4828,2761810.265,-2.110910159,-0.642918064
410,2013,13.7,4082.015,0,24.94155,121.50381,15.4,300879.0365,2759397.893,-2.972356485,-3.055290163
411,2012.666667,5.6,90.45606,9,24.97433,121.5431,50,304832.428,2763044.038,0.981035017,0.590854396
412,2013.25,18.8,390.9696,7,24.97923,121.53986,40.6,304503.1456,2763585.479,0.651752617,1.132295863
413,2013,8.1,104.8101,5,24.96674,121.54067,52.5,304590.4349,2762202.355,0.739041928,-0.250828382
414,2013.5,6.5,90.45606,9,24.97433,121.5431,63.9,304832.428,2763044.038,0.981035017,0.590854396
